ID,Title,Acceptance,Difficulty,Frequency,Leetcode Question Link,DS
1,Two Sum,45.60%,Easy,5.644982904, https://leetcode.com/problems/two-sum,
2,Add Two Numbers,33.90%,Medium,3.516113248, https://leetcode.com/problems/add-two-numbers,
683,K Empty Slots,35.60%,Hard,5.780765145, https://leetcode.com/problems/k-empty-slots,Sliding Window
4,Median of Two Sorted Arrays,29.60%,Hard,3.453368563, https://leetcode.com/problems/median-of-two-sorted-arrays,
5,Longest Palindromic Substring,29.50%,Medium,2.378625542, https://leetcode.com/problems/longest-palindromic-substring,
6,ZigZag Conversion,36.30%,Medium,0.40242844, https://leetcode.com/problems/zigzag-conversion,
7,Reverse Integer,25.80%,Easy,1.108160892, https://leetcode.com/problems/reverse-integer,
8,String to Integer (atoi),15.40%,Medium,1.354174812, https://leetcode.com/problems/string-to-integer-atoi,
9,Palindrome Number,48.40%,Easy,0.686009882, https://leetcode.com/problems/palindrome-number,
10,Regular Expression Matching,26.80%,Hard,3.074714751, https://leetcode.com/problems/regular-expression-matching,
11,Container With Most Water,50.80%,Medium,1.977087061, https://leetcode.com/problems/container-with-most-water,
12,Integer to Roman,55.10%,Medium,0.940669796, https://leetcode.com/problems/integer-to-roman,
13,Roman to Integer,55.70%,Easy,0.777263536, https://leetcode.com/problems/roman-to-integer,
14,Longest Common Prefix,35.40%,Easy,1.178123999, https://leetcode.com/problems/longest-common-prefix,
15,3Sum,26.80%,Medium,2.702273135, https://leetcode.com/problems/3sum,
16,3Sum Closest,46.00%,Medium,0.692674926, https://leetcode.com/problems/3sum-closest,
17,Letter Combinations of a Phone Number,46.80%,Medium,2.68025676, https://leetcode.com/problems/letter-combinations-of-a-phone-number,
18,4Sum,33.70%,Medium,0.687692171, https://leetcode.com/problems/4sum,
19,Remove Nth Node From End of List,35.20%,Medium,0.419184563, https://leetcode.com/problems/remove-nth-node-from-end-of-list,
20,Valid Parentheses,39.00%,Easy,2.455313347, https://leetcode.com/problems/valid-parentheses,
21,Merge Two Sorted Lists,53.50%,Easy,1.469371696, https://leetcode.com/problems/merge-two-sorted-lists,
22,Generate Parentheses,62.70%,Medium,1.775789087, https://leetcode.com/problems/generate-parentheses,
23,Merge k Sorted Lists,40.20%,Hard,3.039386344, https://leetcode.com/problems/merge-k-sorted-lists,
24,Swap Nodes in Pairs,50.40%,Medium,0.372203615, https://leetcode.com/problems/swap-nodes-in-pairs,
25,Reverse Nodes in k-Group,42.10%,Hard,0.857582415, https://leetcode.com/problems/reverse-nodes-in-k-group,
26,Remove Duplicates from Sorted Array,45.10%,Easy,0.468861564, https://leetcode.com/problems/remove-duplicates-from-sorted-array,
27,Remove Element,48.20%,Easy,0.182469826, https://leetcode.com/problems/remove-element,
28,Implement strStr(),34.50%,Easy,0.36158189, https://leetcode.com/problems/implement-strstr,
29,Divide Two Integers,16.40%,Medium,0.600094051, https://leetcode.com/problems/divide-two-integers,
904,Fruit Into Baskets,42.50%,Medium,5.622005351, https://leetcode.com/problems/fruit-into-baskets,Sliding Window
31,Next Permutation,32.60%,Medium,2.384562292, https://leetcode.com/problems/next-permutation,
32,Longest Valid Parentheses,28.40%,Hard,1.118250382, https://leetcode.com/problems/longest-valid-parentheses,
33,Search in Rotated Sorted Array,34.50%,Medium,1.982840493, https://leetcode.com/problems/search-in-rotated-sorted-array,
34,Find First and Last Position of Element in Sorted Array,36.20%,Medium,2.077190953, https://leetcode.com/problems/find-first-and-last-position-of-element-in-sorted-array,
35,Search Insert Position,42.60%,Easy,0.26089423, https://leetcode.com/problems/search-insert-position,
36,Valid Sudoku,48.70%,Medium,1.438063321, https://leetcode.com/problems/valid-sudoku,
37,Sudoku Solver,43.60%,Hard,1.792525107, https://leetcode.com/problems/sudoku-solver,
38,Count and Say,44.60%,Easy,2.088659098, https://leetcode.com/problems/count-and-say,
39,Combination Sum,56.10%,Medium,0.52686145, https://leetcode.com/problems/combination-sum,
40,Combination Sum II,48.20%,Medium,0.111453561, https://leetcode.com/problems/combination-sum-ii,
41,First Missing Positive,32.00%,Hard,1.828463009, https://leetcode.com/problems/first-missing-positive,
42,Trapping Rain Water,48.90%,Hard,3.921059878, https://leetcode.com/problems/trapping-rain-water,
43,Multiply Strings,33.90%,Medium,2.16633329, https://leetcode.com/problems/multiply-strings,
44,Wildcard Matching,24.70%,Hard,1.957959668, https://leetcode.com/problems/wildcard-matching,
45,Jump Game II,30.60%,Hard,0.770419036, https://leetcode.com/problems/jump-game-ii,
46,Permutations,63.50%,Medium,1.233643384, https://leetcode.com/problems/permutations,
48,Rotate Image,56.70%,Medium,1.5817267, https://leetcode.com/problems/rotate-image,
49,Group Anagrams,56.90%,Medium,1.539593934, https://leetcode.com/problems/group-anagrams,
50,Pow(x;n),30.30%,Medium,1.10706265, https://leetcode.com/problems/powx-n,
51,N-Queens,46.60%,Hard,0.529655488, https://leetcode.com/problems/n-queens,
53,Maximum Subarray,46.50%,Easy,1.89351767, https://leetcode.com/problems/maximum-subarray,
54,Spiral Matrix,34.10%,Medium,2.708006094, https://leetcode.com/problems/spiral-matrix,
55,Jump Game,34.60%,Medium,1.541307854, https://leetcode.com/problems/jump-game,
56,Merge Intervals,39.30%,Medium,3.85031783, https://leetcode.com/problems/merge-intervals,
57,Insert Interval,33.50%,Hard,2.97402258, https://leetcode.com/problems/insert-interval,
59,Spiral Matrix II,53.90%,Medium,0.514321297, https://leetcode.com/problems/spiral-matrix-ii,
60,Permutation Sequence,38.40%,Hard,0.556508587, https://leetcode.com/problems/permutation-sequence,
62,Unique Paths,54.10%,Medium,1.560701012, https://leetcode.com/problems/unique-paths,
63,Unique Paths II,34.60%,Medium,1.302896106, https://leetcode.com/problems/unique-paths-ii,
64,Minimum Path Sum,54.50%,Medium,1.311169372, https://leetcode.com/problems/minimum-path-sum,
65,Valid Number,15.30%,Hard,1.334392424, https://leetcode.com/problems/valid-number,
66,Plus One,43.00%,Easy,3.693305196, https://leetcode.com/problems/plus-one,
67,Add Binary,45.20%,Easy,0.139868612, https://leetcode.com/problems/add-binary,
68,Text Justification,27.70%,Hard,3.450799221, https://leetcode.com/problems/text-justification,
69,Sqrt(x),33.90%,Easy,1.21326454, https://leetcode.com/problems/sqrtx,
70,Climbing Stairs,47.80%,Easy,0.72276424, https://leetcode.com/problems/climbing-stairs,
72,Edit Distance,44.80%,Hard,2.308682749, https://leetcode.com/problems/edit-distance,
74,Search a 2D Matrix,36.50%,Medium,0.291078457, https://leetcode.com/problems/search-a-2d-matrix,
75,Sort Colors,47.30%,Medium,0.683592167, https://leetcode.com/problems/sort-colors,
159,Longest Substring with At Most Two Distinct Characters,49.40%,Medium,4.262457726, https://leetcode.com/problems/longest-substring-with-at-most-two-distinct-characters,Sliding Window
77,Combinations,54.70%,Medium,0.481735925, https://leetcode.com/problems/combinations,
78,Subsets,62.00%,Medium,0.605001631, https://leetcode.com/problems/subsets,
79,Word Search,35.60%,Medium,0.835614701, https://leetcode.com/problems/word-search,
80,Remove Duplicates from Sorted Array II,44.00%,Medium,0.126040721, https://leetcode.com/problems/remove-duplicates-from-sorted-array-ii,
81,Search in Rotated Sorted Array II,33.00%,Medium,0.561042501, https://leetcode.com/problems/search-in-rotated-sorted-array-ii,
82,Remove Duplicates from Sorted List II,36.80%,Medium,0.282446458, https://leetcode.com/problems/remove-duplicates-from-sorted-list-ii,
83,Remove Duplicates from Sorted List,45.40%,Easy,0.176301775, https://leetcode.com/problems/remove-duplicates-from-sorted-list,
84,Largest Rectangle in Histogram,35.20%,Hard,1.583056977, https://leetcode.com/problems/largest-rectangle-in-histogram,
85,Maximal Rectangle,37.70%,Hard,2.964026874, https://leetcode.com/problems/maximal-rectangle,
87,Scramble String,33.70%,Hard,0.240385358, https://leetcode.com/problems/scramble-string,
88,Merge Sorted Array,39.40%,Easy,0.310998708, https://leetcode.com/problems/merge-sorted-array,
91,Decode Ways,24.70%,Medium,2.043561546, https://leetcode.com/problems/decode-ways,
92,Reverse Linked List II,38.80%,Medium,0.120806645, https://leetcode.com/problems/reverse-linked-list-ii,
94,Binary Tree Inorder Traversal,63.30%,Medium,0.880608701, https://leetcode.com/problems/binary-tree-inorder-traversal,
96,Unique Binary Search Trees,52.90%,Medium,1.172709207, https://leetcode.com/problems/unique-binary-search-trees,
97,Interleaving String,31.50%,Hard,1.187919087, https://leetcode.com/problems/interleaving-string,
98,Validate Binary Search Tree,27.80%,Medium,1.147140364, https://leetcode.com/problems/validate-binary-search-tree,
99,Recover Binary Search Tree,39.70%,Hard,0.839418524, https://leetcode.com/problems/recover-binary-search-tree,
100,Same Tree,53.40%,Easy,0.184731557, https://leetcode.com/problems/same-tree,
101,Symmetric Tree,46.80%,Easy,0.686086062, https://leetcode.com/problems/symmetric-tree,
102,Binary Tree Level Order Traversal,54.60%,Medium,0.689403397, https://leetcode.com/problems/binary-tree-level-order-traversal,
103,Binary Tree Zigzag Level Order Traversal,48.30%,Medium,0.080460234, https://leetcode.com/problems/binary-tree-zigzag-level-order-traversal,
104,Maximum Depth of Binary Tree,66.00%,Easy,0.802519738, https://leetcode.com/problems/maximum-depth-of-binary-tree,
105,Construct Binary Tree from Preorder and Inorder Traversal,48.80%,Medium,0.930831043, https://leetcode.com/problems/construct-binary-tree-from-preorder-and-inorder-traversal,
108,Convert Sorted Array to Binary Search Tree,57.90%,Easy,1.031229291, https://leetcode.com/problems/convert-sorted-array-to-binary-search-tree,
109,Convert Sorted List to Binary Search Tree,47.70%,Medium,0.718283154, https://leetcode.com/problems/convert-sorted-list-to-binary-search-tree,
110,Balanced Binary Tree,43.50%,Easy,1.071569125, https://leetcode.com/problems/balanced-binary-tree,
113,Path Sum II,46.70%,Medium,0.303050103, https://leetcode.com/problems/path-sum-ii,
114,Flatten Binary Tree to Linked List,49.30%,Medium,0.190076874, https://leetcode.com/problems/flatten-binary-tree-to-linked-list,
115,Distinct Subsequences,38.30%,Hard,1.55349751, https://leetcode.com/problems/distinct-subsequences,
116,Populating Next Right Pointers in Each Node,45.20%,Medium,1.100206501, https://leetcode.com/problems/populating-next-right-pointers-in-each-node,
117,Populating Next Right Pointers in Each Node II,39.10%,Medium,1.226231815, https://leetcode.com/problems/populating-next-right-pointers-in-each-node-ii,
118,Pascal's Triangle,52.50%,Easy,0.80394497, https://leetcode.com/problems/pascals-triangle,
119,Pascal's Triangle II,49.00%,Easy,0.308917749, https://leetcode.com/problems/pascals-triangle-ii,
120,Triangle,44.20%,Medium,0.903821575, https://leetcode.com/problems/triangle,
121,Best Time to Buy and Sell Stock,50.50%,Easy,1.539407986, https://leetcode.com/problems/best-time-to-buy-and-sell-stock,
122,Best Time to Buy and Sell Stock II,57.00%,Easy,0.50597517, https://leetcode.com/problems/best-time-to-buy-and-sell-stock-ii,
123,Best Time to Buy and Sell Stock III,37.50%,Hard,0.129915009, https://leetcode.com/problems/best-time-to-buy-and-sell-stock-iii,
124,Binary Tree Maximum Path Sum,34.30%,Hard,2.221609347, https://leetcode.com/problems/binary-tree-maximum-path-sum,
125,Valid Palindrome,36.70%,Easy,0.423612992, https://leetcode.com/problems/valid-palindrome,
126,Word Ladder II,22.10%,Hard,1.460734617, https://leetcode.com/problems/word-ladder-ii,
127,Word Ladder,29.60%,Medium,2.045126318, https://leetcode.com/problems/word-ladder,
128,Longest Consecutive Sequence,45.10%,Hard,2.388969237, https://leetcode.com/problems/longest-consecutive-sequence,
129,Sum Root to Leaf Numbers,49.10%,Medium,0.230806424, https://leetcode.com/problems/sum-root-to-leaf-numbers,
130,Surrounded Regions,28.10%,Medium,1.881638133, https://leetcode.com/problems/surrounded-regions,
131,Palindrome Partitioning,47.50%,Medium,0.300117556, https://leetcode.com/problems/palindrome-partitioning,
132,Palindrome Partitioning II,30.20%,Hard,1.025059163, https://leetcode.com/problems/palindrome-partitioning-ii,
133,Clone Graph,34.80%,Medium,2.093083765, https://leetcode.com/problems/clone-graph,
134,Gas Station,38.50%,Medium,1.35156474, https://leetcode.com/problems/gas-station,
135,Candy,31.60%,Hard,2.477071402, https://leetcode.com/problems/candy,
136,Single Number,65.50%,Easy,0.551402168, https://leetcode.com/problems/single-number,
137,Single Number II,52.40%,Medium,1.193167712, https://leetcode.com/problems/single-number-ii,
138,Copy List with Random Pointer,36.40%,Medium,1.941330735, https://leetcode.com/problems/copy-list-with-random-pointer,
139,Word Break,40.10%,Medium,2.498864326, https://leetcode.com/problems/word-break,
140,Word Break II,32.60%,Hard,0.965893794, https://leetcode.com/problems/word-break-ii,
141,Linked List Cycle,41.10%,Easy,0.380391812, https://leetcode.com/problems/linked-list-cycle,
142,Linked List Cycle II,37.30%,Medium,0.100193228, https://leetcode.com/problems/linked-list-cycle-ii,
143,Reorder List,37.10%,Medium,0.664493618, https://leetcode.com/problems/reorder-list,
144,Binary Tree Preorder Traversal,55.70%,Medium,0.169755678, https://leetcode.com/problems/binary-tree-preorder-traversal,
145,Binary Tree Postorder Traversal,55.00%,Hard,0.205527481, https://leetcode.com/problems/binary-tree-postorder-traversal,
146,LRU Cache,33.20%,Medium,3.689556458, https://leetcode.com/problems/lru-cache,
148,Sort List,42.30%,Medium,0.807481396, https://leetcode.com/problems/sort-list,
149,Max Points on a Line,16.90%,Hard,3.541414967, https://leetcode.com/problems/max-points-on-a-line,
150,Evaluate Reverse Polish Notation,36.30%,Medium,1.90120416, https://leetcode.com/problems/evaluate-reverse-polish-notation,
151,Reverse Words in a String,21.90%,Medium,0.156697277, https://leetcode.com/problems/reverse-words-in-a-string,
152,Maximum Product Subarray,31.70%,Medium,1.071141937, https://leetcode.com/problems/maximum-product-subarray,
153,Find Minimum in Rotated Sorted Array,45.10%,Medium,0.766582974, https://leetcode.com/problems/find-minimum-in-rotated-sorted-array,
154,Find Minimum in Rotated Sorted Array II,41.60%,Hard,0.062430007, https://leetcode.com/problems/find-minimum-in-rotated-sorted-array-ii,
155,Min Stack,44.50%,Easy,1.872232334, https://leetcode.com/problems/min-stack,
156,Binary Tree Upside Down,55.00%,Medium,1.002597635, https://leetcode.com/problems/binary-tree-upside-down,
157,Read N Characters Given Read4,34.20%,Easy,2.862051505, https://leetcode.com/problems/read-n-characters-given-read4,
158,Read N Characters Given Read4 II - Call multiple times,33.80%,Hard,3.484084287, https://leetcode.com/problems/read-n-characters-given-read4-ii-call-multiple-times,
340,Longest Substring with At Most K Distinct Characters,44.10%,Hard,4.118703459, https://leetcode.com/problems/longest-substring-with-at-most-k-distinct-characters,Sliding Window
160,Intersection of Two Linked Lists,40.60%,Easy,0.604515302, https://leetcode.com/problems/intersection-of-two-linked-lists,
161,One Edit Distance,32.30%,Medium,1.843491264, https://leetcode.com/problems/one-edit-distance,
162,Find Peak Element,43.30%,Medium,2.097923148, https://leetcode.com/problems/find-peak-element,
163,Missing Ranges,24.30%,Medium,4.311771483, https://leetcode.com/problems/missing-ranges,
165,Compare Version Numbers,27.40%,Medium,1.013371943, https://leetcode.com/problems/compare-version-numbers,
166,Fraction to Recurring Decimal,21.60%,Medium,2.50485063, https://leetcode.com/problems/fraction-to-recurring-decimal,
167,Two Sum II - Input array is sorted,54.10%,Easy,0.917697997, https://leetcode.com/problems/two-sum-ii-input-array-is-sorted,
168,Excel Sheet Column Title,31.10%,Easy,1.849824766, https://leetcode.com/problems/excel-sheet-column-title,
169,Majority Element,58.70%,Easy,1.220314547, https://leetcode.com/problems/majority-element,
171,Excel Sheet Column Number,55.90%,Easy,1.579613947, https://leetcode.com/problems/excel-sheet-column-number,
173,Binary Search Tree Iterator,56.60%,Medium,1.911466705, https://leetcode.com/problems/binary-search-tree-iterator,
174,Dungeon Game,32.30%,Hard,0.633321181, https://leetcode.com/problems/dungeon-game,
175,Combine Two Tables,60.80%,Easy,0.572474616, https://leetcode.com/problems/combine-two-tables,
176,Second Highest Salary,31.60%,Easy,0.236779289, https://leetcode.com/problems/second-highest-salary,
177,Nth Highest Salary,31.40%,Medium,0.122477032, https://leetcode.com/problems/nth-highest-salary,
179,Largest Number,28.80%,Medium,0.20162217, https://leetcode.com/problems/largest-number,
181,Employees Earning More Than Their Managers,56.90%,Easy,0.144581229, https://leetcode.com/problems/employees-earning-more-than-their-managers,
185,Department Top Three Salaries,34.50%,Hard,0.242803206, https://leetcode.com/problems/department-top-three-salaries,
727,Minimum Window Subsequence,41.80%,Hard,2.954526908, https://leetcode.com/problems/minimum-window-subsequence,Sliding Window
188,Best Time to Buy and Sell Stock IV,28.00%,Hard,1.163879104, https://leetcode.com/problems/best-time-to-buy-and-sell-stock-iv,
190,Reverse Bits,39.80%,Easy,0.200353976, https://leetcode.com/problems/reverse-bits,
191,Number of 1 Bits,49.80%,Easy,0.64582322, https://leetcode.com/problems/number-of-1-bits,
192,Word Frequency,25.80%,Medium,0.216148634, https://leetcode.com/problems/word-frequency,
195,Tenth Line,33.00%,Easy,0.573288533, https://leetcode.com/problems/tenth-line,
198,House Robber,42.00%,Easy,1.453073018, https://leetcode.com/problems/house-robber,
199,Binary Tree Right Side View,54.10%,Medium,0.133192968, https://leetcode.com/problems/binary-tree-right-side-view,
200,Number of Islands,46.80%,Medium,3.801814667, https://leetcode.com/problems/number-of-islands,
202,Happy Number,50.40%,Easy,0.959083438, https://leetcode.com/problems/happy-number,
203,Remove Linked List Elements,38.60%,Easy,0.076614911, https://leetcode.com/problems/remove-linked-list-elements,
204,Count Primes,31.50%,Easy,0.298447199, https://leetcode.com/problems/count-primes,
205,Isomorphic Strings,39.80%,Easy,2.974388546, https://leetcode.com/problems/isomorphic-strings,
206,Reverse Linked List,62.50%,Easy,1.416080575, https://leetcode.com/problems/reverse-linked-list,
207,Course Schedule,43.10%,Medium,1.062038811, https://leetcode.com/problems/course-schedule,
208,Implement Trie (Prefix Tree),49.40%,Medium,2.162478934, https://leetcode.com/problems/implement-trie-prefix-tree,
3,Longest Substring Without Repeating Characters,30.40%,Medium,2.899453073, https://leetcode.com/problems/longest-substring-without-repeating-characters,Sliding Window
210,Course Schedule II,40.70%,Medium,0.720309897, https://leetcode.com/problems/course-schedule-ii,
211,Add and Search Word - Data structure design,38.10%,Medium,0.717507027, https://leetcode.com/problems/add-and-search-word-data-structure-design,
212,Word Search II,34.90%,Hard,1.717993911, https://leetcode.com/problems/word-search-ii,
213,House Robber II,36.50%,Medium,0.877138784, https://leetcode.com/problems/house-robber-ii,
214,Shortest Palindrome,29.80%,Hard,1.171269934, https://leetcode.com/problems/shortest-palindrome,
215,Kth Largest Element in an Array,55.40%,Medium,2.024566185, https://leetcode.com/problems/kth-largest-element-in-an-array,
216,Combination Sum III,56.60%,Medium,0.380572361, https://leetcode.com/problems/combination-sum-iii,
218,The Skyline Problem,34.60%,Hard,3.886010167, https://leetcode.com/problems/the-skyline-problem,
76,Minimum Window Substring,34.60%,Hard,2.753906541, https://leetcode.com/problems/minimum-window-substring,Sliding Window
837,New 21 Game,34.60%,Medium,2.584236358, https://leetcode.com/problems/new-21-game,Sliding Window
221,Maximal Square,37.70%,Medium,2.681130404, https://leetcode.com/problems/maximal-square,
222,Count Complete Tree Nodes,46.80%,Medium,4.104839753, https://leetcode.com/problems/count-complete-tree-nodes,
224,Basic Calculator,36.80%,Hard,2.580473602, https://leetcode.com/problems/basic-calculator,
226,Invert Binary Tree,65.00%,Easy,2.438123584, https://leetcode.com/problems/invert-binary-tree,
227,Basic Calculator II,36.90%,Medium,0.920151019, https://leetcode.com/problems/basic-calculator-ii,
228,Summary Ranges,39.50%,Medium,3.551951304, https://leetcode.com/problems/summary-ranges,
229,Majority Element II,35.60%,Medium,1.562565101, https://leetcode.com/problems/majority-element-ii,
230,Kth Smallest Element in a BST,60.20%,Medium,1.155444008, https://leetcode.com/problems/kth-smallest-element-in-a-bst,
231,Power of Two,43.70%,Easy,0.781136553, https://leetcode.com/problems/power-of-two,
232,Implement Queue using Stacks,49.60%,Easy,0.492225213, https://leetcode.com/problems/implement-queue-using-stacks,
234,Palindrome Linked List,39.30%,Easy,0.201021754, https://leetcode.com/problems/palindrome-linked-list,
235,Lowest Common Ancestor of a Binary Search Tree,49.90%,Easy,0.873128267, https://leetcode.com/problems/lowest-common-ancestor-of-a-binary-search-tree,
236,Lowest Common Ancestor of a Binary Tree,45.70%,Medium,1.374560101, https://leetcode.com/problems/lowest-common-ancestor-of-a-binary-tree,
237,Delete Node in a Linked List,63.80%,Easy,0.316752502, https://leetcode.com/problems/delete-node-in-a-linked-list,
238,Product of Array Except Self,60.10%,Medium,1.29806499, https://leetcode.com/problems/product-of-array-except-self,
239,Sliding Window Maximum,43.00%,Hard,2.210528931, https://leetcode.com/problems/sliding-window-maximum,Sliding Window
240,Search a 2D Matrix II,43.20%,Medium,1.397412157, https://leetcode.com/problems/search-a-2d-matrix-ii,
241,Different Ways to Add Parentheses,55.20%,Medium,1.67934036, https://leetcode.com/problems/different-ways-to-add-parentheses,
242,Valid Anagram,56.90%,Easy,1.133786143, https://leetcode.com/problems/valid-anagram,
243,Shortest Word Distance,61.00%,Easy,0.611325229, https://leetcode.com/problems/shortest-word-distance,
246,Strobogrammatic Number,45.00%,Easy,3.22362878, https://leetcode.com/problems/strobogrammatic-number,
247,Strobogrammatic Number II,47.60%,Medium,3.245129857, https://leetcode.com/problems/strobogrammatic-number-ii,
248,Strobogrammatic Number III,39.60%,Hard,3.863710339, https://leetcode.com/problems/strobogrammatic-number-iii,
249,Group Shifted Strings,55.10%,Medium,2.358977332, https://leetcode.com/problems/group-shifted-strings,
250,Count Univalue Subtrees,52.00%,Medium,1.698353993, https://leetcode.com/problems/count-univalue-subtrees,
251,Flatten 2D Vector,45.70%,Medium,1.244149651, https://leetcode.com/problems/flatten-2d-vector,
252,Meeting Rooms,54.60%,Easy,0.844766213, https://leetcode.com/problems/meeting-rooms,
253,Meeting Rooms II,45.70%,Medium,3.502438697, https://leetcode.com/problems/meeting-rooms-ii,
254,Factor Combinations,46.70%,Medium,0.990701001, https://leetcode.com/problems/factor-combinations,
257,Binary Tree Paths,51.50%,Easy,0.090400284, https://leetcode.com/problems/binary-tree-paths,
259,3Sum Smaller,47.60%,Medium,2.961393028, https://leetcode.com/problems/3sum-smaller,
261,Graph Valid Tree,42.20%,Medium,1.134845912, https://leetcode.com/problems/graph-valid-tree,
265,Paint House II,44.60%,Hard,0.710241614, https://leetcode.com/problems/paint-house-ii,
266,Palindrome Permutation,61.90%,Easy,1.657520112, https://leetcode.com/problems/palindrome-permutation,
267,Palindrome Permutation II,36.40%,Medium,0.519507176, https://leetcode.com/problems/palindrome-permutation-ii,
268,Missing Number,51.70%,Easy,0.777208598, https://leetcode.com/problems/missing-number,
269,Alien Dictionary,33.30%,Hard,2.401963627, https://leetcode.com/problems/alien-dictionary,
270,Closest Binary Search Tree Value,48.50%,Easy,0.875036865, https://leetcode.com/problems/closest-binary-search-tree-value,
271,Encode and Decode Strings,31.50%,Medium,4.677975295, https://leetcode.com/problems/encode-and-decode-strings,
272,Closest Binary Search Tree Value II,50.50%,Hard,0.319522678, https://leetcode.com/problems/closest-binary-search-tree-value-ii,
273,Integer to English Words,27.10%,Hard,1.011683779, https://leetcode.com/problems/integer-to-english-words,
274,H-Index,36.10%,Medium,2.908129696, https://leetcode.com/problems/h-index,
276,Paint Fence,38.30%,Easy,2.595102396, https://leetcode.com/problems/paint-fence,
277,Find the Celebrity,41.80%,Medium,1.389867473, https://leetcode.com/problems/find-the-celebrity,
278,First Bad Version,35.70%,Easy,0.612321403, https://leetcode.com/problems/first-bad-version,
279,Perfect Squares,47.40%,Medium,2.918896225, https://leetcode.com/problems/perfect-squares,
280,Wiggle Sort,63.80%,Medium,3.073302155, https://leetcode.com/problems/wiggle-sort,
281,Zigzag Iterator,58.40%,Medium,4.497936295, https://leetcode.com/problems/zigzag-iterator,
282,Expression Add Operators,35.50%,Hard,1.256011834, https://leetcode.com/problems/expression-add-operators,
283,Move Zeroes,57.80%,Easy,1.281098376, https://leetcode.com/problems/move-zeroes,
284,Peeking Iterator,45.70%,Medium,2.993993005, https://leetcode.com/problems/peeking-iterator,
285,Inorder Successor in BST,40.40%,Medium,2.166776365, https://leetcode.com/problems/inorder-successor-in-bst,
286,Walls and Gates,54.50%,Medium,1.948761543, https://leetcode.com/problems/walls-and-gates,
287,Find the Duplicate Number,55.50%,Medium,1.300185274, https://leetcode.com/problems/find-the-duplicate-number,
288,Unique Word Abbreviation,21.90%,Medium,5.082933029, https://leetcode.com/problems/unique-word-abbreviation,
289,Game of Life,54.50%,Medium,3.413628891, https://leetcode.com/problems/game-of-life,
290,Word Pattern,37.00%,Easy,0.445804163, https://leetcode.com/problems/word-pattern,
293,Flip Game,60.70%,Easy,2.004967899, https://leetcode.com/problems/flip-game,
294,Flip Game II,50.00%,Medium,2.879576065, https://leetcode.com/problems/flip-game-ii,
295,Find Median from Data Stream,44.30%,Hard,2.830017815, https://leetcode.com/problems/find-median-from-data-stream,
296,Best Meeting Point,57.50%,Hard,3.780744267, https://leetcode.com/problems/best-meeting-point,
297,Serialize and Deserialize Binary Tree,47.50%,Hard,2.648448966, https://leetcode.com/problems/serialize-and-deserialize-binary-tree,
298,Binary Tree Longest Consecutive Sequence,47.10%,Medium,4.601753216, https://leetcode.com/problems/binary-tree-longest-consecutive-sequence,
299,Bulls and Cows,42.40%,Easy,3.551601643, https://leetcode.com/problems/bulls-and-cows,
300,Longest Increasing Subsequence,42.60%,Medium,1.268288617, https://leetcode.com/problems/longest-increasing-subsequence,
301,Remove Invalid Parentheses,43.30%,Hard,0.538844698, https://leetcode.com/problems/remove-invalid-parentheses,
302,Smallest Rectangle Enclosing Black Pixels,51.60%,Hard,1.6453853, https://leetcode.com/problems/smallest-rectangle-enclosing-black-pixels,
303,Range Sum Query - Immutable,44.70%,Easy,0.789789362, https://leetcode.com/problems/range-sum-query-immutable,
304,Range Sum Query 2D - Immutable,38.60%,Medium,3.177250823, https://leetcode.com/problems/range-sum-query-2d-immutable,
305,Number of Islands II,40.10%,Hard,3.519140936, https://leetcode.com/problems/number-of-islands-ii,
307,Range Sum Query - Mutable,34.60%,Medium,1.801548388, https://leetcode.com/problems/range-sum-query-mutable,
308,Range Sum Query 2D - Mutable,35.60%,Hard,5.479895265, https://leetcode.com/problems/range-sum-query-2d-mutable,
309,Best Time to Buy and Sell Stock with Cooldown,47.40%,Medium,0.167756332, https://leetcode.com/problems/best-time-to-buy-and-sell-stock-with-cooldown,
310,Minimum Height Trees,32.30%,Medium,1.100674145, https://leetcode.com/problems/minimum-height-trees,
311,Sparse Matrix Multiplication,61.90%,Medium,0.865588629, https://leetcode.com/problems/sparse-matrix-multiplication,
312,Burst Balloons,51.80%,Hard,0.738329403, https://leetcode.com/problems/burst-balloons,
313,Super Ugly Number,45.00%,Medium,0.222520304, https://leetcode.com/problems/super-ugly-number,
314,Binary Tree Vertical Order Traversal,45.30%,Medium,0.151486005, https://leetcode.com/problems/binary-tree-vertical-order-traversal,
315,Count of Smaller Numbers After Self,41.50%,Hard,3.230831536, https://leetcode.com/problems/count-of-smaller-numbers-after-self,
316,Remove Duplicate Letters,35.80%,Hard,1.173529531, https://leetcode.com/problems/remove-duplicate-letters,
317,Shortest Distance from All Buildings,41.40%,Hard,3.409672009, https://leetcode.com/problems/shortest-distance-from-all-buildings,
318,Maximum Product of Word Lengths,51.20%,Medium,2.377626416, https://leetcode.com/problems/maximum-product-of-word-lengths,
320,Generalized Abbreviation,52.10%,Medium,2.287272371, https://leetcode.com/problems/generalized-abbreviation,
321,Create Maximum Number,27.00%,Hard,0.538996501, https://leetcode.com/problems/create-maximum-number,
322,Coin Change,35.50%,Medium,1.172470261, https://leetcode.com/problems/coin-change,
323,Number of Connected Components in an Undirected Graph,56.00%,Medium,0.329842883, https://leetcode.com/problems/number-of-connected-components-in-an-undirected-graph,
324,Wiggle Sort II,29.90%,Medium,1.786845454, https://leetcode.com/problems/wiggle-sort-ii,
325,Maximum Size Subarray Sum Equals k,46.80%,Medium,1.957338845, https://leetcode.com/problems/maximum-size-subarray-sum-equals-k,
326,Power of Three,42.10%,Easy,0.155237168, https://leetcode.com/problems/power-of-three,
327,Count of Range Sum,35.20%,Hard,1.315127313, https://leetcode.com/problems/count-of-range-sum,
328,Odd Even Linked List,55.70%,Medium,0.280800594, https://leetcode.com/problems/odd-even-linked-list,
329,Longest Increasing Path in a Matrix,43.40%,Hard,3.019478442, https://leetcode.com/problems/longest-increasing-path-in-a-matrix,
330,Patching Array,34.50%,Hard,0.167054085, https://leetcode.com/problems/patching-array,
331,Verify Preorder Serialization of a Binary Tree,40.40%,Medium,0.17152194, https://leetcode.com/problems/verify-preorder-serialization-of-a-binary-tree,
332,Reconstruct Itinerary,36.70%,Medium,2.267632268, https://leetcode.com/problems/reconstruct-itinerary,
333,Largest BST Subtree,35.80%,Medium,0.692366845, https://leetcode.com/problems/largest-bst-subtree,
334,Increasing Triplet Subsequence,40.00%,Medium,1.96786769, https://leetcode.com/problems/increasing-triplet-subsequence,
335,Self Crossing,28.00%,Hard,0.92132008, https://leetcode.com/problems/self-crossing,
336,Palindrome Pairs,33.70%,Hard,2.068730117, https://leetcode.com/problems/palindrome-pairs,
337,House Robber III,50.60%,Medium,1.693179942, https://leetcode.com/problems/house-robber-iii,
1438,Longest Continuous Subarray With Absolute Diff Less Than or Equal to Limit,42.10%,Medium,1.55157208, https://leetcode.com/problems/longest-continuous-subarray-with-absolute-diff-less-than-or-equal-to-limit,Sliding Window
341,Flatten Nested List Iterator,52.90%,Medium,2.334951663, https://leetcode.com/problems/flatten-nested-list-iterator,
343,Integer Break,50.40%,Medium,0.771547373, https://leetcode.com/problems/integer-break,
344,Reverse String,68.50%,Easy,0.751814562, https://leetcode.com/problems/reverse-string,
345,Reverse Vowels of a String,44.20%,Easy,2.846997612, https://leetcode.com/problems/reverse-vowels-of-a-string,
346,Moving Average from Data Stream,70.90%,Easy,3.759561332, https://leetcode.com/problems/moving-average-from-data-stream,
347,Top K Frequent Elements,61.20%,Medium,0.868387774, https://leetcode.com/problems/top-k-frequent-elements,
348,Design Tic-Tac-Toe,54.30%,Medium,0.94337169, https://leetcode.com/problems/design-tic-tac-toe,
349,Intersection of Two Arrays,62.50%,Easy,0.589039089, https://leetcode.com/problems/intersection-of-two-arrays,
350,Intersection of Two Arrays II,51.40%,Easy,0.386257837, https://leetcode.com/problems/intersection-of-two-arrays-ii,
351,Android Unlock Patterns,48.40%,Medium,3.70074903, https://leetcode.com/problems/android-unlock-patterns,
352,Data Stream as Disjoint Intervals,47.30%,Hard,0.475160625, https://leetcode.com/problems/data-stream-as-disjoint-intervals,
353,Design Snake Game,34.20%,Medium,2.374942034, https://leetcode.com/problems/design-snake-game,
354,Russian Doll Envelopes,35.60%,Hard,2.236076201, https://leetcode.com/problems/russian-doll-envelopes,
356,Line Reflection,31.80%,Medium,1.141089717, https://leetcode.com/problems/line-reflection,
357,Count Numbers with Unique Digits,48.40%,Medium,0.045932299, https://leetcode.com/problems/count-numbers-with-unique-digits,
358,Rearrange String k Distance Apart,34.90%,Hard,1.595386159, https://leetcode.com/problems/rearrange-string-k-distance-apart,
359,Logger Rate Limiter,70.80%,Easy,3.674548532, https://leetcode.com/problems/logger-rate-limiter,
360,Sort Transformed Array,48.80%,Medium,3.083137274, https://leetcode.com/problems/sort-transformed-array,
361,Bomb Enemy,46.00%,Medium,4.673664844, https://leetcode.com/problems/bomb-enemy,
362,Design Hit Counter,63.70%,Medium,2.598395991, https://leetcode.com/problems/design-hit-counter,
363,Max Sum of Rectangle No Larger Than K,37.30%,Hard,2.709331431, https://leetcode.com/problems/max-sum-of-rectangle-no-larger-than-k,
365,Water and Jug Problem,30.60%,Medium,1.133983917, https://leetcode.com/problems/water-and-jug-problem,
366,Find Leaves of Binary Tree,70.60%,Medium,0.413012314, https://leetcode.com/problems/find-leaves-of-binary-tree,
367,Valid Perfect Square,41.70%,Easy,0.090216206, https://leetcode.com/problems/valid-perfect-square,
368,Largest Divisible Subset,38.00%,Medium,0.320273058, https://leetcode.com/problems/largest-divisible-subset,
369,Plus One Linked List,58.20%,Medium,2.103037362, https://leetcode.com/problems/plus-one-linked-list,
370,Range Addition,62.80%,Medium,1.700217503, https://leetcode.com/problems/range-addition,
371,Sum of Two Integers,50.70%,Medium,0.25217965, https://leetcode.com/problems/sum-of-two-integers,
373,Find K Pairs with Smallest Sums,36.70%,Medium,1.369690206, https://leetcode.com/problems/find-k-pairs-with-smallest-sums,
374,Guess Number Higher or Lower,43.10%,Easy,0.503058594, https://leetcode.com/problems/guess-number-higher-or-lower,
375,Guess Number Higher or Lower II,40.30%,Medium,2.412208896, https://leetcode.com/problems/guess-number-higher-or-lower-ii,
377,Combination Sum IV,45.30%,Medium,0.22987192, https://leetcode.com/problems/combination-sum-iv,
378,Kth Smallest Element in a Sorted Matrix,54.30%,Medium,1.141935541, https://leetcode.com/problems/kth-smallest-element-in-a-sorted-matrix,
379,Design Phone Directory,46.80%,Medium,1.44141366, https://leetcode.com/problems/design-phone-directory,
380,Insert Delete GetRandom O(1),47.50%,Medium,2.518408555, https://leetcode.com/problems/insert-delete-getrandom-o1,
381,Insert Delete GetRandom O(1) - Duplicates allowed,34.10%,Hard,1.218903163, https://leetcode.com/problems/insert-delete-getrandom-o1-duplicates-allowed,
382,Linked List Random Node,52.10%,Medium,1.051825291, https://leetcode.com/problems/linked-list-random-node,
384,Shuffle an Array,52.80%,Medium,0.991100944, https://leetcode.com/problems/shuffle-an-array,
385,Mini Parser,33.80%,Medium,0.446850324, https://leetcode.com/problems/mini-parser,
386,Lexicographical Numbers,51.60%,Medium,0.495043374, https://leetcode.com/problems/lexicographical-numbers,
387,First Unique Character in a String,53.40%,Easy,0.504007846, https://leetcode.com/problems/first-unique-character-in-a-string,
388,Longest Absolute File Path,41.80%,Medium,5.91308589, https://leetcode.com/problems/longest-absolute-file-path,
389,Find the Difference,55.30%,Easy,1.359394691, https://leetcode.com/problems/find-the-difference,
391,Perfect Rectangle,30.50%,Hard,2.360954357, https://leetcode.com/problems/perfect-rectangle,
392,Is Subsequence,49.20%,Easy,1.652592724, https://leetcode.com/problems/is-subsequence,
393,UTF-8 Validation,37.50%,Medium,4.444092228, https://leetcode.com/problems/utf-8-validation,
394,Decode String,50.00%,Medium,3.826544614, https://leetcode.com/problems/decode-string,
187,Repeated DNA Sequences,38.90%,Medium,1.434475303, https://leetcode.com/problems/repeated-dna-sequences,Sliding Window
397,Integer Replacement,32.90%,Medium,0.232252268, https://leetcode.com/problems/integer-replacement,
398,Random Pick Index,56.00%,Medium,0.813407304, https://leetcode.com/problems/random-pick-index,
399,Evaluate Division,51.60%,Medium,4.93312795, https://leetcode.com/problems/evaluate-division,
400,Nth Digit,31.70%,Medium,2.168367751, https://leetcode.com/problems/nth-digit,
401,Binary Watch,47.50%,Easy,2.246794843, https://leetcode.com/problems/binary-watch,
402,Remove K Digits,28.40%,Medium,0.24067603, https://leetcode.com/problems/remove-k-digits,
403,Frog Jump,39.70%,Hard,2.488020641, https://leetcode.com/problems/frog-jump,
404,Sum of Left Leaves,50.90%,Easy,0.159116456, https://leetcode.com/problems/sum-of-left-leaves,
406,Queue Reconstruction by Height,66.90%,Medium,2.463643691, https://leetcode.com/problems/queue-reconstruction-by-height,
407,Trapping Rain Water II,42.40%,Hard,1.859058305, https://leetcode.com/problems/trapping-rain-water-ii,
408,Valid Word Abbreviation,30.60%,Easy,0.846521161, https://leetcode.com/problems/valid-word-abbreviation,
409,Longest Palindrome,50.30%,Easy,0.566157323, https://leetcode.com/problems/longest-palindrome,
410,Split Array Largest Sum,44.50%,Hard,4.009588513, https://leetcode.com/problems/split-array-largest-sum,
411,Minimum Unique Word Abbreviation,36.30%,Hard,1.843584537, https://leetcode.com/problems/minimum-unique-word-abbreviation,
412,Fizz Buzz,62.30%,Easy,0.879446194, https://leetcode.com/problems/fizz-buzz,
414,Third Maximum Number,30.50%,Easy,0.154076311, https://leetcode.com/problems/third-maximum-number,
415,Add Strings,47.50%,Easy,0.870474056, https://leetcode.com/problems/add-strings,
416,Partition Equal Subset Sum,43.70%,Medium,0.580734106, https://leetcode.com/problems/partition-equal-subset-sum,
417,Pacific Atlantic Water Flow,41.10%,Medium,3.039812113, https://leetcode.com/problems/pacific-atlantic-water-flow,
418,Sentence Screen Fitting,32.60%,Medium,4.781933323, https://leetcode.com/problems/sentence-screen-fitting,
419,Battleships in a Board,70.00%,Medium,1.235401421, https://leetcode.com/problems/battleships-in-a-board,
420,Strong Password Checker,14.00%,Hard,0.449117738, https://leetcode.com/problems/strong-password-checker,
421,Maximum XOR of Two Numbers in an Array,53.50%,Medium,0.768784595, https://leetcode.com/problems/maximum-xor-of-two-numbers-in-an-array,
422,Valid Word Square,37.70%,Easy,0.956014084, https://leetcode.com/problems/valid-word-square,
1423,Maximum Points You Can Obtain from Cards,42.60%,Medium,1.250787854, https://leetcode.com/problems/maximum-points-you-can-obtain-from-cards,Sliding Window
425,Word Squares,47.70%,Hard,3.649664857, https://leetcode.com/problems/word-squares,
426,Convert Binary Search Tree to Sorted Doubly Linked List,59.10%,Medium,0.330854244, https://leetcode.com/problems/convert-binary-search-tree-to-sorted-doubly-linked-list,
427,Construct Quad Tree,61.40%,Medium,1.830397262, https://leetcode.com/problems/construct-quad-tree,
428,Serialize and Deserialize N-ary Tree,59.40%,Hard,1.812637054, https://leetcode.com/problems/serialize-and-deserialize-n-ary-tree,
430,Flatten a Multilevel Doubly Linked List,55.10%,Medium,0.722922167, https://leetcode.com/problems/flatten-a-multilevel-doubly-linked-list,
432,All O`one Data Structure,32.40%,Hard,0.761188917, https://leetcode.com/problems/all-oone-data-structure,
433,Minimum Genetic Mutation,41.80%,Medium,0.597837001, https://leetcode.com/problems/minimum-genetic-mutation,
435,Non-overlapping Intervals,42.90%,Medium,0.399553761, https://leetcode.com/problems/non-overlapping-intervals,
209,Minimum Size Subarray Sum,38.20%,Medium,1.02119487, https://leetcode.com/problems/minimum-size-subarray-sum,Sliding Window
440,K-th Smallest in Lexicographical Order,29.10%,Hard,0.560286254, https://leetcode.com/problems/k-th-smallest-in-lexicographical-order,
442,Find All Duplicates in an Array,67.80%,Medium,0.402917336, https://leetcode.com/problems/find-all-duplicates-in-an-array,
443,String Compression,41.30%,Easy,0.580994274, https://leetcode.com/problems/string-compression,
444,Sequence Reconstruction,22.20%,Medium,2.217786049, https://leetcode.com/problems/sequence-reconstruction,
445,Add Two Numbers II,54.50%,Medium,0.369250624, https://leetcode.com/problems/add-two-numbers-ii,
447,Number of Boomerangs,51.80%,Easy,2.070710491, https://leetcode.com/problems/number-of-boomerangs,
448,Find All Numbers Disappeared in an Array,55.90%,Easy,0.327429109, https://leetcode.com/problems/find-all-numbers-disappeared-in-an-array,
449,Serialize and Deserialize BST,52.00%,Medium,0.597581431, https://leetcode.com/problems/serialize-and-deserialize-bst,
450,Delete Node in a BST,43.10%,Medium,0.71900273, https://leetcode.com/problems/delete-node-in-a-bst,
451,Sort Characters By Frequency,63.00%,Medium,0.336850469, https://leetcode.com/problems/sort-characters-by-frequency,
452,Minimum Number of Arrows to Burst Balloons,49.60%,Medium,0.558439757, https://leetcode.com/problems/minimum-number-of-arrows-to-burst-balloons,
456,132 Pattern,28.90%,Medium,0.471396711, https://leetcode.com/problems/132-pattern,
457,Circular Array Loop,29.40%,Medium,2.408723749, https://leetcode.com/problems/circular-array-loop,
459,Repeated Substring Pattern,42.20%,Easy,1.981281171, https://leetcode.com/problems/repeated-substring-pattern,
460,LFU Cache,34.20%,Hard,1.421819332, https://leetcode.com/problems/lfu-cache,
463,Island Perimeter,65.70%,Easy,1.766239595, https://leetcode.com/problems/island-perimeter,
464,Can I Win,28.80%,Medium,0.567828019, https://leetcode.com/problems/can-i-win,
465,Optimal Account Balancing,46.90%,Hard,3.462697997, https://leetcode.com/problems/optimal-account-balancing,
467,Unique Substrings in Wraparound String,35.60%,Medium,0.107341555, https://leetcode.com/problems/unique-substrings-in-wraparound-string,
468,Validate IP Address,24.10%,Medium,0.034486176, https://leetcode.com/problems/validate-ip-address,
469,Convex Polygon,37.00%,Medium,1.361803341, https://leetcode.com/problems/convex-polygon,
471,Encode String with Shortest Length,47.10%,Hard,3.626532622, https://leetcode.com/problems/encode-string-with-shortest-length,
472,Concatenated Words,43.70%,Hard,0.061201965, https://leetcode.com/problems/concatenated-words,
474,Ones and Zeroes,42.80%,Medium,0.088292607, https://leetcode.com/problems/ones-and-zeroes,
475,Heaters,33.10%,Easy,1.76649284, https://leetcode.com/problems/heaters,
477,Total Hamming Distance,50.40%,Medium,0.19966567, https://leetcode.com/problems/total-hamming-distance,
480,Sliding Window Median,37.20%,Hard,0.986175144, https://leetcode.com/problems/sliding-window-median,Sliding Window
481,Magical String,47.50%,Medium,0, https://leetcode.com/problems/magical-string,
482,License Key Formatting,43.10%,Easy,5.489684606, https://leetcode.com/problems/license-key-formatting,
483,Smallest Good Base,35.70%,Hard,0.339354083, https://leetcode.com/problems/smallest-good-base,
484,Find Permutation,60.50%,Medium,2.123018359, https://leetcode.com/problems/find-permutation,
485,Max Consecutive Ones,54.60%,Easy,0.063238716, https://leetcode.com/problems/max-consecutive-ones,
486,Predict the Winner,47.90%,Medium,1.762174531, https://leetcode.com/problems/predict-the-winner,
220,Contains Duplicate III,20.90%,Medium,0.960150928, https://leetcode.com/problems/contains-duplicate-iii,Sliding Window
489,Robot Room Cleaner,69.70%,Hard,4.950612284, https://leetcode.com/problems/robot-room-cleaner,
490,The Maze,51.40%,Medium,2.559373135, https://leetcode.com/problems/the-maze,
493,Reverse Pairs,25.20%,Hard,0.533474676, https://leetcode.com/problems/reverse-pairs,
494,Target Sum,46.30%,Medium,0.067211531, https://leetcode.com/problems/target-sum,
496,Next Greater Element I,63.80%,Easy,0.238310344, https://leetcode.com/problems/next-greater-element-i,
497,Random Point in Non-overlapping Rectangles,37.80%,Medium,1.957330687, https://leetcode.com/problems/random-point-in-non-overlapping-rectangles,
498,Diagonal Traverse,48.20%,Medium,1.80736041, https://leetcode.com/problems/diagonal-traverse,
499,The Maze III,41.00%,Hard,1.544197391, https://leetcode.com/problems/the-maze-iii,
501,Find Mode in Binary Search Tree,42.40%,Easy,0.24083782, https://leetcode.com/problems/find-mode-in-binary-search-tree,
503,Next Greater Element II,56.50%,Medium,0.20963048, https://leetcode.com/problems/next-greater-element-ii,
504,Base 7,46.20%,Easy,0.362601404, https://leetcode.com/problems/base-7,
505,The Maze II,47.70%,Medium,2.455044351, https://leetcode.com/problems/the-maze-ii,
506,Relative Ranks,50.50%,Easy,0, https://leetcode.com/problems/relative-ranks,
510,Inorder Successor in BST II,58.00%,Medium,1.627672583, https://leetcode.com/problems/inorder-successor-in-bst-ii,
514,Freedom Trail,43.00%,Hard,0, https://leetcode.com/problems/freedom-trail,
518,Coin Change 2,50.20%,Medium,1.035074772, https://leetcode.com/problems/coin-change-2,
519,Random Flip Matrix,36.70%,Medium,0, https://leetcode.com/problems/random-flip-matrix,
520,Detect Capital,54.20%,Easy,0, https://leetcode.com/problems/detect-capital,
521,Longest Uncommon Subsequence I ,57.60%,Easy,0, https://leetcode.com/problems/longest-uncommon-subsequence-i,
522,Longest Uncommon Subsequence II,34.00%,Medium,0, https://leetcode.com/problems/longest-uncommon-subsequence-ii,
523,Continuous Subarray Sum,24.60%,Medium,0.071663893, https://leetcode.com/problems/continuous-subarray-sum,
524,Longest Word in Dictionary through Deleting,48.40%,Medium,3.072239529, https://leetcode.com/problems/longest-word-in-dictionary-through-deleting,
525,Contiguous Array,42.80%,Medium,0.277027005, https://leetcode.com/problems/contiguous-array,
526,Beautiful Arrangement,57.80%,Medium,0, https://leetcode.com/problems/beautiful-arrangement,
527,Word Abbreviation,54.30%,Hard,2.926123449, https://leetcode.com/problems/word-abbreviation,
528,Random Pick with Weight,43.90%,Medium,2.509596225, https://leetcode.com/problems/random-pick-with-weight,
529,Minesweeper,59.10%,Medium,1.867966078, https://leetcode.com/problems/minesweeper,
530,Minimum Absolute Difference in BST,53.80%,Easy,0.247152091, https://leetcode.com/problems/minimum-absolute-difference-in-bst,
531,Lonely Pixel I,59.00%,Medium,0.490910314, https://leetcode.com/problems/lonely-pixel-i,
533,Lonely Pixel II,47.90%,Medium,0, https://leetcode.com/problems/lonely-pixel-ii,
535,Encode and Decode TinyURL,79.90%,Medium,1.131644104, https://leetcode.com/problems/encode-and-decode-tinyurl,
540,Single Element in a Sorted Array,57.90%,Medium,1.333263891, https://leetcode.com/problems/single-element-in-a-sorted-array,
541,Reverse String II,48.40%,Easy,0.0253499, https://leetcode.com/problems/reverse-string-ii,
542,01 Matrix,39.80%,Medium,0.502449755, https://leetcode.com/problems/01-matrix,
543,Diameter of Binary Tree,48.40%,Easy,1.241009482, https://leetcode.com/problems/diameter-of-binary-tree,
544,Output Contest Matches,75.30%,Medium,2.926123449, https://leetcode.com/problems/output-contest-matches,
545,Boundary of Binary Tree,38.90%,Medium,0, https://leetcode.com/problems/boundary-of-binary-tree,
547,Friend Circles,58.60%,Medium,0.179703553, https://leetcode.com/problems/friend-circles,
549,Binary Tree Longest Consecutive Sequence II,47.00%,Medium,1.462785929, https://leetcode.com/problems/binary-tree-longest-consecutive-sequence-ii,
551,Student Attendance Record I,46.00%,Easy,1.013125565, https://leetcode.com/problems/student-attendance-record-i,
552,Student Attendance Record II,36.70%,Hard,2.7690514, https://leetcode.com/problems/student-attendance-record-ii,
554,Brick Wall,50.00%,Medium,0.138469674, https://leetcode.com/problems/brick-wall,
558,Logical OR of Two Binary Grids Represented as Quad-Trees,44.60%,Medium,2.571814373, https://leetcode.com/problems/logical-or-of-two-binary-grids-represented-as-quad-trees,
559,Maximum Depth of N-ary Tree,68.70%,Easy,0.094683024, https://leetcode.com/problems/maximum-depth-of-n-ary-tree,
560,Subarray Sum Equals K,43.90%,Medium,1.123530639, https://leetcode.com/problems/subarray-sum-equals-k,
562,Longest Line of Consecutive One in Matrix,45.90%,Medium,3.145109675, https://leetcode.com/problems/longest-line-of-consecutive-one-in-matrix,
564,Find the Closest Palindrome,19.70%,Hard,0.300754154, https://leetcode.com/problems/find-the-closest-palindrome,
658,Find K Closest Elements,40.90%,Medium,0.793091043, https://leetcode.com/problems/find-k-closest-elements,Sliding Window
568,Maximum Vacation Days,40.80%,Hard,4.053081249, https://leetcode.com/problems/maximum-vacation-days,
569,Median Employee Salary,57.70%,Hard,0, https://leetcode.com/problems/median-employee-salary,
572,Subtree of Another Tree,44.10%,Easy,0.564931564, https://leetcode.com/problems/subtree-of-another-tree,
581,Shortest Unsorted Continuous Subarray,31.10%,Easy,0.080610816, https://leetcode.com/problems/shortest-unsorted-continuous-subarray,
582,Kill Process,60.80%,Medium,1.290929714, https://leetcode.com/problems/kill-process,
583,Delete Operation for Two Strings,48.60%,Medium,0.095108587, https://leetcode.com/problems/delete-operation-for-two-strings,
587,Erect the Fence,35.90%,Hard,0.62346726, https://leetcode.com/problems/erect-the-fence,
591,Tag Validator,34.30%,Hard,1.746908903, https://leetcode.com/problems/tag-validator,
593,Valid Square,43.10%,Medium,1.028014996, https://leetcode.com/problems/valid-square,
604,Design Compressed String Iterator,37.50%,Easy,1.335001067, https://leetcode.com/problems/design-compressed-string-iterator,
609,Find Duplicate File in System,59.50%,Medium,1.083077996, https://leetcode.com/problems/find-duplicate-file-in-system,
616,Add Bold Tag in String,43.10%,Medium,2.666144363, https://leetcode.com/problems/add-bold-tag-in-string,
621,Task Scheduler,50.10%,Medium,0.249737141, https://leetcode.com/problems/task-scheduler,
622,Design Circular Queue,43.80%,Medium,0.245492732, https://leetcode.com/problems/design-circular-queue,
630,Course Schedule III,33.50%,Hard,0.675649587, https://leetcode.com/problems/course-schedule-iii,
395,Longest Substring with At Least K Repeating Characters,41.40%,Medium,0.789237392, https://leetcode.com/problems/longest-substring-with-at-least-k-repeating-characters,Sliding Window
635,Design Log Storage System,58.60%,Medium,1.406528514, https://leetcode.com/problems/design-log-storage-system,
636,Exclusive Time of Functions,51.90%,Medium,1.070608305, https://leetcode.com/problems/exclusive-time-of-functions,
638,Shopping Offers,51.50%,Medium,0, https://leetcode.com/problems/shopping-offers,
639,Decode Ways II,26.60%,Hard,0.159914385, https://leetcode.com/problems/decode-ways-ii,
640,Solve the Equation,42.00%,Medium,0.838920848, https://leetcode.com/problems/solve-the-equation,
642,Design Search Autocomplete System,44.70%,Hard,4.121348379, https://leetcode.com/problems/design-search-autocomplete-system,
632,Smallest Range Covering Elements from K Lists,52.40%,Hard,0.776712259, https://leetcode.com/problems/smallest-range-covering-elements-from-k-lists,Sliding Window
644,Maximum Average Subarray II,32.00%,Hard,0, https://leetcode.com/problems/maximum-average-subarray-ii,
647,Palindromic Substrings,60.60%,Medium,0.613474678, https://leetcode.com/problems/palindromic-substrings,
651,4 Keys Keyboard,52.50%,Medium,0, https://leetcode.com/problems/4-keys-keyboard,
652,Find Duplicate Subtrees,50.20%,Medium,1.202729796, https://leetcode.com/problems/find-duplicate-subtrees,
654,Maximum Binary Tree,79.90%,Medium,0.045786227, https://leetcode.com/problems/maximum-binary-tree,
656,Coin Path,29.00%,Hard,0, https://leetcode.com/problems/coin-path,
657,Robot Return to Origin,73.50%,Easy,0.068256765, https://leetcode.com/problems/robot-return-to-origin,
424,Longest Repeating Character Replacement,47.00%,Medium,0.771399377, https://leetcode.com/problems/longest-repeating-character-replacement,Sliding Window
659,Split Array into Consecutive Subsequences,43.70%,Medium,2.526838205, https://leetcode.com/problems/split-array-into-consecutive-subsequences,
660,Remove 9,53.30%,Hard,1.113650166, https://leetcode.com/problems/remove-9,
662,Maximum Width of Binary Tree,41.00%,Medium,0.377317479, https://leetcode.com/problems/maximum-width-of-binary-tree,
665,Non-decreasing Array,19.50%,Easy,0.23531937, https://leetcode.com/problems/non-decreasing-array,
667,Beautiful Arrangement II,54.30%,Medium,0, https://leetcode.com/problems/beautiful-arrangement-ii,
668,Kth Smallest Number in Multiplication Table,45.60%,Hard,0.133086454, https://leetcode.com/problems/kth-smallest-number-in-multiplication-table,
669,Trim a Binary Search Tree,63.00%,Easy,0.114018578, https://leetcode.com/problems/trim-a-binary-search-tree,
674,Longest Continuous Increasing Subsequence,45.90%,Easy,0.113243036, https://leetcode.com/problems/longest-continuous-increasing-subsequence,
676,Implement Magic Dictionary,54.50%,Medium,1.401575557, https://leetcode.com/problems/implement-magic-dictionary,
678,Valid Parenthesis String,31.00%,Medium,0.187953761, https://leetcode.com/problems/valid-parenthesis-string,
679,24 Game,46.40%,Hard,3.563700307, https://leetcode.com/problems/24-game,
680,Valid Palindrome II,36.60%,Easy,0.044706175, https://leetcode.com/problems/valid-palindrome-ii,
681,Next Closest Time,45.00%,Medium,5.6484444, https://leetcode.com/problems/next-closest-time,
682,Baseball Game,63.70%,Easy,0.085117515, https://leetcode.com/problems/baseball-game,
30,Substring with Concatenation of All Words,25.40%,Hard,0.72443361, https://leetcode.com/problems/substring-with-concatenation-of-all-words,Sliding Window
684,Redundant Connection,57.40%,Medium,1.702040039, https://leetcode.com/problems/redundant-connection,
685,Redundant Connection II,32.40%,Hard,1.870982265, https://leetcode.com/problems/redundant-connection-ii,
686,Repeated String Match,32.30%,Easy,4.836325284, https://leetcode.com/problems/repeated-string-match,
687,Longest Univalue Path,36.20%,Easy,2.567963196, https://leetcode.com/problems/longest-univalue-path,
688,Knight Probability in Chessboard,48.90%,Medium,1.249979777, https://leetcode.com/problems/knight-probability-in-chessboard,
689,Maximum Sum of 3 Non-Overlapping Subarrays,46.30%,Hard,0.354898219, https://leetcode.com/problems/maximum-sum-of-3-non-overlapping-subarrays,
690,Employee Importance,57.30%,Easy,0.474471472, https://leetcode.com/problems/employee-importance,
692,Top K Frequent Words,51.80%,Medium,0.821975907, https://leetcode.com/problems/top-k-frequent-words,
694,Number of Distinct Islands,56.00%,Medium,0.515813165, https://leetcode.com/problems/number-of-distinct-islands,
695,Max Area of Island,62.70%,Medium,1.202023891, https://leetcode.com/problems/max-area-of-island,
698,Partition to K Equal Sum Subsets,45.00%,Medium,0.427258589, https://leetcode.com/problems/partition-to-k-equal-sum-subsets,
700,Search in a Binary Search Tree,73.10%,Easy,0.008512501, https://leetcode.com/problems/search-in-a-binary-search-tree,
701,Insert into a Binary Search Tree,77.70%,Medium,0.093281601, https://leetcode.com/problems/insert-into-a-binary-search-tree,
702,Search in a Sorted Array of Unknown Size,66.90%,Medium,1.213288881, https://leetcode.com/problems/search-in-a-sorted-array-of-unknown-size,
703,Kth Largest Element in a Stream,49.70%,Easy,0.300026835, https://leetcode.com/problems/kth-largest-element-in-a-stream,
705,Design HashSet,64.30%,Easy,0.195783023, https://leetcode.com/problems/design-hashset,
706,Design HashMap,61.30%,Easy,0.306079438, https://leetcode.com/problems/design-hashmap,
708,Insert into a Sorted Circular Linked List,31.60%,Medium,1.751377132, https://leetcode.com/problems/insert-into-a-sorted-circular-linked-list,
709,To Lower Case,79.30%,Easy,0.027805313, https://leetcode.com/problems/to-lower-case,
710,Random Pick with Blacklist,32.50%,Hard,1.635540536, https://leetcode.com/problems/random-pick-with-blacklist,
1477,Find Two Non-overlapping Sub-arrays Each With Target Sum,30.00%,Medium,0.68177419, https://leetcode.com/problems/find-two-non-overlapping-sub-arrays-each-with-target-sum,Sliding Window
714,Best Time to Buy and Sell Stock with Transaction Fee,54.70%,Medium,0.19966567, https://leetcode.com/problems/best-time-to-buy-and-sell-stock-with-transaction-fee,
715,Range Module,38.50%,Hard,2.51590275, https://leetcode.com/problems/range-module,
716,Max Stack,42.60%,Easy,0.428107585, https://leetcode.com/problems/max-stack,
717,1-bit and 2-bit Characters,48.80%,Easy,0.097459906, https://leetcode.com/problems/1-bit-and-2-bit-characters,
719,Find K-th Smallest Pair Distance,31.50%,Hard,0.403163611, https://leetcode.com/problems/find-k-th-smallest-pair-distance,
720,Longest Word in Dictionary,48.20%,Easy,0.737409271, https://leetcode.com/problems/longest-word-in-dictionary,
721,Accounts Merge,48.80%,Medium,0.933866541, https://leetcode.com/problems/accounts-merge,
722,Remove Comments,34.60%,Medium,2.391299564, https://leetcode.com/problems/remove-comments,
723,Candy Crush,69.20%,Medium,2.413829326, https://leetcode.com/problems/candy-crush,
724,Find Pivot Index,44.00%,Easy,0.814796898, https://leetcode.com/problems/find-pivot-index,
726,Number of Atoms,49.00%,Hard,0.344429218, https://leetcode.com/problems/number-of-atoms,
1031,Maximum Sum of Two Non-Overlapping Subarrays,57.90%,Medium,0.665354304, https://leetcode.com/problems/maximum-sum-of-two-non-overlapping-subarrays,Sliding Window
729,My Calendar I,51.80%,Medium,2.351286906, https://leetcode.com/problems/my-calendar-i,
730,Count Different Palindromic Subsequences,41.80%,Hard,0.274436846, https://leetcode.com/problems/count-different-palindromic-subsequences,
731,My Calendar II,49.10%,Medium,2.89406862, https://leetcode.com/problems/my-calendar-ii,
732,My Calendar III,60.00%,Hard,0.828692673, https://leetcode.com/problems/my-calendar-iii,
733,Flood Fill,55.30%,Easy,0.543451687, https://leetcode.com/problems/flood-fill,
734,Sentence Similarity,42.10%,Easy,3.67790395, https://leetcode.com/problems/sentence-similarity,
735,Asteroid Collision,41.00%,Medium,0.095423952, https://leetcode.com/problems/asteroid-collision,
736,Parse Lisp Expression,47.50%,Hard,2.959364629, https://leetcode.com/problems/parse-lisp-expression,
737,Sentence Similarity II,45.80%,Medium,3.556563128, https://leetcode.com/problems/sentence-similarity-ii,
739,Daily Temperatures,63.30%,Medium,0.847369881, https://leetcode.com/problems/daily-temperatures,
741,Cherry Pickup,33.90%,Hard,0.420850027, https://leetcode.com/problems/cherry-pickup,
742,Closest Leaf in a Binary Tree,43.60%,Medium,0.719122667, https://leetcode.com/problems/closest-leaf-in-a-binary-tree,
743,Network Delay Time,45.00%,Medium,1.89546745, https://leetcode.com/problems/network-delay-time,
745,Prefix and Suffix Search,34.10%,Hard,2.161230975, https://leetcode.com/problems/prefix-and-suffix-search,
747,Largest Number At Least Twice of Others,42.00%,Easy,0.237328186, https://leetcode.com/problems/largest-number-at-least-twice-of-others,
748,Shortest Completing Word,56.70%,Easy,0.667761716, https://leetcode.com/problems/shortest-completing-word,
750,Number Of Corner Rectangles,66.40%,Medium,3.246154672, https://leetcode.com/problems/number-of-corner-rectangles,
752,Open the Lock,51.80%,Medium,1.887145074, https://leetcode.com/problems/open-the-lock,
753,Cracking the Safe,50.50%,Hard,4.699786813, https://leetcode.com/problems/cracking-the-safe,
756,Pyramid Transition Matrix,54.60%,Medium,0, https://leetcode.com/problems/pyramid-transition-matrix,
758,Bold Words in String,46.00%,Easy,0.28357529, https://leetcode.com/problems/bold-words-in-string,
759,Employee Free Time,66.30%,Hard,0.697496364, https://leetcode.com/problems/employee-free-time,
760,Find Anagram Mappings,81.10%,Easy,1.289196871, https://leetcode.com/problems/find-anagram-mappings,
764,Largest Plus Sign,46.00%,Medium,0.261597295, https://leetcode.com/problems/largest-plus-sign,
765,Couples Holding Hands,54.30%,Hard,0.273806726, https://leetcode.com/problems/couples-holding-hands,
766,Toeplitz Matrix,65.10%,Easy,2.880131112, https://leetcode.com/problems/toeplitz-matrix,
767,Reorganize String,48.70%,Medium,1.629188041, https://leetcode.com/problems/reorganize-string,
768,Max Chunks To Make Sorted II,48.70%,Hard,0.227678706, https://leetcode.com/problems/max-chunks-to-make-sorted-ii,
769,Max Chunks To Make Sorted,54.80%,Medium,1.664103441, https://leetcode.com/problems/max-chunks-to-make-sorted,
770,Basic Calculator IV,48.10%,Hard,0.958254931, https://leetcode.com/problems/basic-calculator-iv,
771,Jewels and Stones,86.40%,Easy,0.719216397, https://leetcode.com/problems/jewels-and-stones,
772,Basic Calculator III,41.30%,Hard,1.931331946, https://leetcode.com/problems/basic-calculator-iii,
773,Sliding Puzzle,59.30%,Hard,1.212371174, https://leetcode.com/problems/sliding-puzzle,
774,Minimize Max Distance to Gas Station,46.90%,Hard,3.708055319, https://leetcode.com/problems/minimize-max-distance-to-gas-station,
776,Split BST,55.80%,Medium,1.554890466, https://leetcode.com/problems/split-bst,
777,Swap Adjacent in LR String,34.80%,Medium,3.107379168, https://leetcode.com/problems/swap-adjacent-in-lr-string,
778,Swim in Rising Water,53.10%,Hard,0.539824521, https://leetcode.com/problems/swim-in-rising-water,
779,K-th Symbol in Grammar,37.20%,Medium,0.029050699, https://leetcode.com/problems/k-th-symbol-in-grammar,
780,Reaching Points,29.40%,Hard,0.112337441, https://leetcode.com/problems/reaching-points,
782,Transform to Chessboard,46.50%,Hard,0, https://leetcode.com/problems/transform-to-chessboard,
783,Minimum Distance Between BST Nodes,52.60%,Easy,0.026196652, https://leetcode.com/problems/minimum-distance-between-bst-nodes,
785,Is Graph Bipartite?,47.50%,Medium,0.596847811, https://leetcode.com/problems/is-graph-bipartite,
787,Cheapest Flights Within K Stops,39.30%,Medium,0.454142157, https://leetcode.com/problems/cheapest-flights-within-k-stops,
788,Rotated Digits,57.10%,Easy,2.128352559, https://leetcode.com/problems/rotated-digits,
789,Escape The Ghosts,57.40%,Medium,0, https://leetcode.com/problems/escape-the-ghosts,
790,Domino and Tromino Tiling,39.20%,Medium,0.385662481, https://leetcode.com/problems/domino-and-tromino-tiling,
791,Custom Sort String,65.70%,Medium,0.19228355, https://leetcode.com/problems/custom-sort-string,
792,Number of Matching Subsequences,47.40%,Medium,1.635622691, https://leetcode.com/problems/number-of-matching-subsequences,
794,Valid Tic-Tac-Toe State,32.60%,Medium,0.6257059, https://leetcode.com/problems/valid-tic-tac-toe-state,
799,Champagne Tower,35.80%,Medium,0.590017564, https://leetcode.com/problems/champagne-tower,
800,Similar RGB Color,61.40%,Easy,1.864784604, https://leetcode.com/problems/similar-rgb-color,
801,Minimum Swaps To Make Sequences Increasing,38.90%,Medium,1.813962288, https://leetcode.com/problems/minimum-swaps-to-make-sequences-increasing,
802,Find Eventual Safe States,48.90%,Medium,0.7827313, https://leetcode.com/problems/find-eventual-safe-states,
803,Bricks Falling When Hit,30.80%,Hard,3.426856541, https://leetcode.com/problems/bricks-falling-when-hit,
804,Unique Morse Code Words,77.00%,Easy,0.713263677, https://leetcode.com/problems/unique-morse-code-words,
805,Split Array With Same Average,26.40%,Hard,0.544636674, https://leetcode.com/problems/split-array-with-same-average,
806,Number of Lines To Write String,64.90%,Easy,0.562632381, https://leetcode.com/problems/number-of-lines-to-write-string,
807,Max Increase to Keep City Skyline,83.70%,Medium,1.15466144, https://leetcode.com/problems/max-increase-to-keep-city-skyline,
808,Soup Servings,39.90%,Medium,0, https://leetcode.com/problems/soup-servings,
809,Expressive Words,47.00%,Medium,3.64013505, https://leetcode.com/problems/expressive-words,
811,Subdomain Visit Count,69.90%,Easy,0.061327116, https://leetcode.com/problems/subdomain-visit-count,
812,Largest Triangle Area,58.30%,Easy,0.11506933, https://leetcode.com/problems/largest-triangle-area,
813,Largest Sum of Averages,49.90%,Medium,0, https://leetcode.com/problems/largest-sum-of-averages,
814,Binary Tree Pruning,74.50%,Medium,0.031130919, https://leetcode.com/problems/binary-tree-pruning,
815,Bus Routes,42.50%,Hard,1.938350463, https://leetcode.com/problems/bus-routes,
816,Ambiguous Coordinates,47.20%,Medium,0, https://leetcode.com/problems/ambiguous-coordinates,
817,Linked List Components,57.30%,Medium,1.951763824, https://leetcode.com/problems/linked-list-components,
818,Race Car,39.00%,Hard,3.164823518, https://leetcode.com/problems/race-car,
819,Most Common Word,44.80%,Easy,0.040460639, https://leetcode.com/problems/most-common-word,
821,Shortest Distance to a Character,66.90%,Easy,0.333951756, https://leetcode.com/problems/shortest-distance-to-a-character,
827,Making A Large Island,45.70%,Hard,0.198012887, https://leetcode.com/problems/making-a-large-island,
830,Positions of Large Groups,49.60%,Easy,0.641049666, https://leetcode.com/problems/positions-of-large-groups,
832,Flipping an Image,76.20%,Easy,0.212011711, https://leetcode.com/problems/flipping-an-image,
833,Find And Replace in String,50.40%,Medium,3.385973686, https://leetcode.com/problems/find-and-replace-in-string,
834,Sum of Distances in Tree,43.70%,Hard,0.379186224, https://leetcode.com/problems/sum-of-distances-in-tree,
835,Image Overlap,58.50%,Medium,2.264098804, https://leetcode.com/problems/image-overlap,
836,Rectangle Overlap,48.60%,Easy,0.943746045, https://leetcode.com/problems/rectangle-overlap,
219,Contains Duplicate II,37.70%,Easy,0.656672453, https://leetcode.com/problems/contains-duplicate-ii,Sliding Window
838,Push Dominoes,48.50%,Medium,0, https://leetcode.com/problems/push-dominoes,
839,Similar String Groups,38.60%,Hard,0.203228242, https://leetcode.com/problems/similar-string-groups,
840,Magic Squares In Grid,37.30%,Easy,1.448780438, https://leetcode.com/problems/magic-squares-in-grid,
841,Keys and Rooms,64.30%,Medium,0.576412593, https://leetcode.com/problems/keys-and-rooms,
843,Guess the Word,46.10%,Hard,5.215253774, https://leetcode.com/problems/guess-the-word,
844,Backspace String Compare,46.40%,Easy,4.13013698, https://leetcode.com/problems/backspace-string-compare,
845,Longest Mountain in Array,37.20%,Medium,1.596720695, https://leetcode.com/problems/longest-mountain-in-array,
846,Hand of Straights,54.20%,Medium,2.816644709, https://leetcode.com/problems/hand-of-straights,
847,Shortest Path Visiting All Nodes,52.00%,Hard,0, https://leetcode.com/problems/shortest-path-visiting-all-nodes,
849,Maximize Distance to Closest Person,42.60%,Easy,2.709149428, https://leetcode.com/problems/maximize-distance-to-closest-person,
850,Rectangle Area II,47.50%,Hard,2.389853412, https://leetcode.com/problems/rectangle-area-ii,
852,Peak Index in a Mountain Array,71.60%,Easy,1.541125082, https://leetcode.com/problems/peak-index-in-a-mountain-array,
853,Car Fleet,42.30%,Medium,1.774706681, https://leetcode.com/problems/car-fleet,
854,K-Similar Strings,38.20%,Hard,0.580955704, https://leetcode.com/problems/k-similar-strings,
855,Exam Room,43.10%,Medium,1.749771774, https://leetcode.com/problems/exam-room,
857,Minimum Cost to Hire K Workers,49.60%,Hard,3.971845979, https://leetcode.com/problems/minimum-cost-to-hire-k-workers,
859,Buddy Strings,27.40%,Easy,0.348556976, https://leetcode.com/problems/buddy-strings,
438,Find All Anagrams in a String,43.30%,Medium,0.596632685, https://leetcode.com/problems/find-all-anagrams-in-a-string,Sliding Window
863,All Nodes Distance K in Binary Tree,55.40%,Medium,0.190199805, https://leetcode.com/problems/all-nodes-distance-k-in-binary-tree,
864,Shortest Path to Get All Keys,40.10%,Hard,0.606135804, https://leetcode.com/problems/shortest-path-to-get-all-keys,
871,Minimum Number of Refueling Stops,31.40%,Hard,1.872628965, https://leetcode.com/problems/minimum-number-of-refueling-stops,
872,Leaf-Similar Trees,64.50%,Easy,0.104785892, https://leetcode.com/problems/leaf-similar-trees,
875,Koko Eating Bananas,52.10%,Medium,0.206150161, https://leetcode.com/problems/koko-eating-bananas,
879,Profitable Schemes,39.80%,Hard,0, https://leetcode.com/problems/profitable-schemes,
881,Boats to Save People,46.80%,Medium,0.094508898, https://leetcode.com/problems/boats-to-save-people,
886,Possible Bipartition,44.20%,Medium,0.271727194, https://leetcode.com/problems/possible-bipartition,
887,Super Egg Drop,27.10%,Hard,0.755031904, https://leetcode.com/problems/super-egg-drop,
889,Construct Binary Tree from Preorder and Postorder Traversal,66.20%,Medium,1.138831086, https://leetcode.com/problems/construct-binary-tree-from-preorder-and-postorder-traversal,
890,Find and Replace Pattern,73.40%,Medium,1.018488356, https://leetcode.com/problems/find-and-replace-pattern,
894,All Possible Full Binary Trees,75.20%,Medium,1.491890381, https://leetcode.com/problems/all-possible-full-binary-trees,
895,Maximum Frequency Stack,60.60%,Hard,0.53530237, https://leetcode.com/problems/maximum-frequency-stack,
900,RLE Iterator,53.50%,Medium,2.412451571, https://leetcode.com/problems/rle-iterator,
901,Online Stock Span,60.20%,Medium,0.041423317, https://leetcode.com/problems/online-stock-span,
862,Shortest Subarray with Sum at Least K,24.60%,Hard,0.575565089, https://leetcode.com/problems/shortest-subarray-with-sum-at-least-k,Sliding Window
905,Sort Array By Parity,74.10%,Easy,0.058564743, https://leetcode.com/problems/sort-array-by-parity,
906,Super Palindromes,32.70%,Hard,0, https://leetcode.com/problems/super-palindromes,
909,Snakes and Ladders,38.40%,Medium,0.777967443, https://leetcode.com/problems/snakes-and-ladders,
911,Online Election,50.40%,Medium,2.578517648, https://leetcode.com/problems/online-election,
913,Cat and Mouse,31.30%,Hard,2.812298988, https://leetcode.com/problems/cat-and-mouse,
914,X of a Kind in a Deck of Cards,35.10%,Easy,0.814231639, https://leetcode.com/problems/x-of-a-kind-in-a-deck-of-cards,
916,Word Subsets,47.80%,Medium,0, https://leetcode.com/problems/word-subsets,
917,Reverse Only Letters,58.00%,Easy,0.028655256, https://leetcode.com/problems/reverse-only-letters,
919,Complete Binary Tree Inserter,57.30%,Medium,0, https://leetcode.com/problems/complete-binary-tree-inserter,
920,Number of Music Playlists,46.50%,Hard,1.126011263, https://leetcode.com/problems/number-of-music-playlists,
924,Minimize Malware Spread,42.00%,Hard,0.376477571, https://leetcode.com/problems/minimize-malware-spread,
925,Long Pressed Name,40.50%,Easy,0.234288116, https://leetcode.com/problems/long-pressed-name,
926,Flip String to Monotone Increasing,52.30%,Medium,0.40755935, https://leetcode.com/problems/flip-string-to-monotone-increasing,
929,Unique Email Addresses,67.40%,Easy,5.641251481, https://leetcode.com/problems/unique-email-addresses,
931,Minimum Falling Path Sum,62.50%,Medium,0.218120803, https://leetcode.com/problems/minimum-falling-path-sum,
932,Beautiful Array,58.30%,Medium,1.016168619, https://leetcode.com/problems/beautiful-array,
933,Number of Recent Calls,71.90%,Easy,0.568462392, https://leetcode.com/problems/number-of-recent-calls,
934,Shortest Bridge,48.20%,Medium,0.137083387, https://leetcode.com/problems/shortest-bridge,
935,Knight Dialer,45.20%,Medium,1.543686535, https://leetcode.com/problems/knight-dialer,
936,Stamping The Sequence,42.80%,Hard,0.143100844, https://leetcode.com/problems/stamping-the-sequence,
938,Range Sum of BST,81.30%,Easy,0.133201523, https://leetcode.com/problems/range-sum-of-bst,
939,Minimum Area Rectangle,51.80%,Medium,3.936375231, https://leetcode.com/problems/minimum-area-rectangle,
940,Distinct Subsequences II,41.50%,Hard,0.169178731, https://leetcode.com/problems/distinct-subsequences-ii,
941,Valid Mountain Array,33.20%,Easy,0.751479491, https://leetcode.com/problems/valid-mountain-array,
942,DI String Match,72.60%,Easy,0.22018351, https://leetcode.com/problems/di-string-match,
943,Find the Shortest Superstring,42.90%,Hard,2.183127428, https://leetcode.com/problems/find-the-shortest-superstring,
944,Delete Columns to Make Sorted,70.30%,Easy,0, https://leetcode.com/problems/delete-columns-to-make-sorted,
946,Validate Stack Sequences,61.90%,Medium,2.01891517, https://leetcode.com/problems/validate-stack-sequences,
947,Most Stones Removed with Same Row or Column,55.20%,Medium,4.0230229, https://leetcode.com/problems/most-stones-removed-with-same-row-or-column,
948,Bag of Tokens,40.80%,Medium,0.115735952, https://leetcode.com/problems/bag-of-tokens,
949,Largest Time for Given Digits,35.80%,Easy,0.268699084, https://leetcode.com/problems/largest-time-for-given-digits,
950,Reveal Cards In Increasing Order,74.60%,Medium,0.421349919, https://leetcode.com/problems/reveal-cards-in-increasing-order,
951,Flip Equivalent Binary Trees,65.80%,Medium,2.326169153, https://leetcode.com/problems/flip-equivalent-binary-trees,
952,Largest Component Size by Common Factor,30.30%,Hard,0.206920716, https://leetcode.com/problems/largest-component-size-by-common-factor,
954,Array of Doubled Pairs,35.60%,Medium,0, https://leetcode.com/problems/array-of-doubled-pairs,
955,Delete Columns to Make Sorted II,33.20%,Medium,0, https://leetcode.com/problems/delete-columns-to-make-sorted-ii,
958,Check Completeness of a Binary Tree,52.10%,Medium,0.438290418, https://leetcode.com/problems/check-completeness-of-a-binary-tree,
960,Delete Columns to Make Sorted III,53.60%,Hard,0.333639374, https://leetcode.com/problems/delete-columns-to-make-sorted-iii,
962,Maximum Width Ramp,45.40%,Medium,0, https://leetcode.com/problems/maximum-width-ramp,
963,Minimum Area Rectangle II,50.90%,Medium,2.157219243, https://leetcode.com/problems/minimum-area-rectangle-ii,
965,Univalued Binary Tree,67.70%,Easy,0.156637324, https://leetcode.com/problems/univalued-binary-tree,
968,Binary Tree Cameras,37.50%,Hard,0.669776347, https://leetcode.com/problems/binary-tree-cameras,
973,K Closest Points to Origin,63.80%,Medium,1.056430237, https://leetcode.com/problems/k-closest-points-to-origin,
975,Odd Even Jump,42.20%,Hard,4.893302384, https://leetcode.com/problems/odd-even-jump,
977,Squares of a Sorted Array,72.10%,Easy,0.475713418, https://leetcode.com/problems/squares-of-a-sorted-array,
979,Distribute Coins in Binary Tree,68.90%,Medium,0.75209195, https://leetcode.com/problems/distribute-coins-in-binary-tree,
980,Unique Paths III,73.30%,Hard,0.245122458, https://leetcode.com/problems/unique-paths-iii,
981,Time Based Key-Value Store,53.10%,Medium,2.597570203, https://leetcode.com/problems/time-based-key-value-store,
982,Triples with Bitwise AND Equal To Zero,55.60%,Hard,0.559615788, https://leetcode.com/problems/triples-with-bitwise-and-equal-to-zero,
983,Minimum Cost For Tickets,60.50%,Medium,0.095253395, https://leetcode.com/problems/minimum-cost-for-tickets,
986,Interval List Intersections,67.30%,Medium,1.110184644, https://leetcode.com/problems/interval-list-intersections,
987,Vertical Order Traversal of a Binary Tree,36.60%,Medium,0.302306238, https://leetcode.com/problems/vertical-order-traversal-of-a-binary-tree,
988,Smallest String Starting From Leaf,46.10%,Medium,0, https://leetcode.com/problems/smallest-string-starting-from-leaf,
989,Add to Array-Form of Integer,44.20%,Easy,0.072088849, https://leetcode.com/problems/add-to-array-form-of-integer,
992,Subarrays with K Different Integers,48.60%,Hard,0.292148989, https://leetcode.com/problems/subarrays-with-k-different-integers,Sliding Window
997,Find the Town Judge,50.10%,Easy,0.065489845, https://leetcode.com/problems/find-the-town-judge,
1000,Minimum Cost to Merge Stones,39.80%,Hard,0.848076071, https://leetcode.com/problems/minimum-cost-to-merge-stones,
1007,Minimum Domino Rotations For Equal Row,50.00%,Medium,5.34757452, https://leetcode.com/problems/minimum-domino-rotations-for-equal-row,
1011,Capacity To Ship Packages Within D Days,58.10%,Medium,1.474530478, https://leetcode.com/problems/capacity-to-ship-packages-within-d-days,
1012,Numbers With Repeated Digits,37.50%,Hard,0, https://leetcode.com/problems/numbers-with-repeated-digits,
1015,Smallest Integer Divisible by K,32.10%,Medium,0, https://leetcode.com/problems/smallest-integer-divisible-by-k,
1016,Binary String With Substrings Representing 1 To N,58.80%,Medium,0, https://leetcode.com/problems/binary-string-with-substrings-representing-1-to-n,
1020,Number of Enclaves,57.80%,Medium,0, https://leetcode.com/problems/number-of-enclaves,
1021,Remove Outermost Parentheses,78.00%,Easy,0.289337702, https://leetcode.com/problems/remove-outermost-parentheses,
1023,Camelcase Matching,57.00%,Medium,0.658888231, https://leetcode.com/problems/camelcase-matching,
1024,Video Stitching,49.20%,Medium,0.825299868, https://leetcode.com/problems/video-stitching,
1025,Divisor Game,66.30%,Easy,0.127651812, https://leetcode.com/problems/divisor-game,
1026,Maximum Difference Between Node and Ancestor,66.00%,Medium,0.04467244, https://leetcode.com/problems/maximum-difference-between-node-and-ancestor,
1027,Longest Arithmetic Sequence,53.40%,Medium,0.066939483, https://leetcode.com/problems/longest-arithmetic-sequence,
1029,Two City Scheduling,56.10%,Easy,0.138044221, https://leetcode.com/problems/two-city-scheduling,
567,Permutation in String,44.40%,Medium,0.26617996, https://leetcode.com/problems/permutation-in-string,Sliding Window
1032,Stream of Characters,48.30%,Hard,1.974462778, https://leetcode.com/problems/stream-of-characters,
1036,Escape a Large Maze,35.40%,Hard,0.824175443, https://leetcode.com/problems/escape-a-large-maze,
1037,Valid Boomerang,37.90%,Easy,0, https://leetcode.com/problems/valid-boomerang,
1044,Longest Duplicate Substring,31.90%,Hard,0.228914648, https://leetcode.com/problems/longest-duplicate-substring,Sliding Window
1047,Remove All Adjacent Duplicates In String,68.60%,Easy,0.44171538, https://leetcode.com/problems/remove-all-adjacent-duplicates-in-string,
1048,Longest String Chain,54.70%,Medium,1.94409311, https://leetcode.com/problems/longest-string-chain,
1051,Height Checker,71.10%,Easy,0.02562053, https://leetcode.com/problems/height-checker,
1055,Shortest Way to Form String,56.90%,Medium,3.494570163, https://leetcode.com/problems/shortest-way-to-form-string,
1056,Confusing Number,48.60%,Easy,1.335244702, https://leetcode.com/problems/confusing-number,
1057,Campus Bikes,57.70%,Medium,4.447943229, https://leetcode.com/problems/campus-bikes,
1059,All Paths from Source Lead to Destination,44.70%,Medium,0, https://leetcode.com/problems/all-paths-from-source-lead-to-destination,
1060,Missing Element in Sorted Array,54.50%,Medium,0.490398626, https://leetcode.com/problems/missing-element-in-sorted-array,
1062,Longest Repeating Substring,57.20%,Medium,0.326091521, https://leetcode.com/problems/longest-repeating-substring,
1066,Campus Bikes II,54.20%,Medium,2.765835199, https://leetcode.com/problems/campus-bikes-ii,
1074,Number of Submatrices That Sum to Target,60.40%,Hard,1.52957969, https://leetcode.com/problems/number-of-submatrices-that-sum-to-target,
1078,Occurrences After Bigram,64.70%,Easy,0, https://leetcode.com/problems/occurrences-after-bigram,
1079,Letter Tile Possibilities,75.40%,Medium,0.03333642, https://leetcode.com/problems/letter-tile-possibilities,
1087,Brace Expansion,62.70%,Medium,3.02492579, https://leetcode.com/problems/brace-expansion,
1088,Confusing Number II,44.00%,Hard,3.349904087, https://leetcode.com/problems/confusing-number-ii,
1089,Duplicate Zeros,52.90%,Easy,0.01939716, https://leetcode.com/problems/duplicate-zeros,
1090,Largest Values From Labels,58.90%,Medium,0, https://leetcode.com/problems/largest-values-from-labels,
1091,Shortest Path in Binary Matrix,38.20%,Medium,0.415065182, https://leetcode.com/problems/shortest-path-in-binary-matrix,
1095,Find in Mountain Array,35.80%,Hard,0.198918505, https://leetcode.com/problems/find-in-mountain-array,
1096,Brace Expansion II,62.20%,Hard,3.504555895, https://leetcode.com/problems/brace-expansion-ii,
1099,Two Sum Less Than K,60.60%,Easy,0.045103473, https://leetcode.com/problems/two-sum-less-than-k,
1102,Path With Maximum Minimum Value,49.20%,Medium,0.144481583, https://leetcode.com/problems/path-with-maximum-minimum-value,
1105,Filling Bookcase Shelves,58.10%,Medium,0.064642856, https://leetcode.com/problems/filling-bookcase-shelves,
1108,Defanging an IP Address,87.50%,Easy,0.086321166, https://leetcode.com/problems/defanging-an-ip-address,
1110,Delete Nodes And Return Forest,67.00%,Medium,3.418885699, https://leetcode.com/problems/delete-nodes-and-return-forest,
1114,Print in Order,65.70%,Easy,0.25489225, https://leetcode.com/problems/print-in-order,
1121,Divide Array Into Increasing Sequences,56.90%,Hard,0.887303195, https://leetcode.com/problems/divide-array-into-increasing-sequences,
1122,Relative Sort Array,67.70%,Easy,0.117120125, https://leetcode.com/problems/relative-sort-array,
1123,Lowest Common Ancestor of Deepest Leaves,66.80%,Medium,0.120355441, https://leetcode.com/problems/lowest-common-ancestor-of-deepest-leaves,
1125,Smallest Sufficient Team,46.60%,Hard,0.747214402, https://leetcode.com/problems/smallest-sufficient-team,
1131,Maximum of Absolute Value Expression,53.00%,Medium,0.465253026, https://leetcode.com/problems/maximum-of-absolute-value-expression,
1136,Parallel Courses,61.10%,Hard,0.651865522, https://leetcode.com/problems/parallel-courses,
1138,Alphabet Board Path,48.40%,Medium,0.205263126, https://leetcode.com/problems/alphabet-board-path,
1140,Stone Game II,63.30%,Medium,0.575820245, https://leetcode.com/problems/stone-game-ii,
1143,Longest Common Subsequence,58.40%,Medium,0.165277491, https://leetcode.com/problems/longest-common-subsequence,
1144,Decrease Elements To Make Array Zigzag,45.40%,Medium,0, https://leetcode.com/problems/decrease-elements-to-make-array-zigzag,
1145,Binary Tree Coloring Game,51.20%,Medium,1.679180077, https://leetcode.com/problems/binary-tree-coloring-game,
1146,Snapshot Array,37.00%,Medium,2.853997466, https://leetcode.com/problems/snapshot-array,
1147,Longest Chunked Palindrome Decomposition,58.60%,Hard,0, https://leetcode.com/problems/longest-chunked-palindrome-decomposition,
1153,String Transforms Into Another String,35.80%,Hard,3.390891238, https://leetcode.com/problems/string-transforms-into-another-string,
1155,Number of Dice Rolls With Target Sum,49.00%,Medium,0.266466233, https://leetcode.com/problems/number-of-dice-rolls-with-target-sum,
1157,Online Majority Element In Subarray,39.00%,Hard,0.477627554, https://leetcode.com/problems/online-majority-element-in-subarray,
1161,Maximum Level Sum of a Binary Tree,72.20%,Medium,0.192180585, https://leetcode.com/problems/maximum-level-sum-of-a-binary-tree,
1165,Single-Row Keyboard,84.80%,Easy,0.653775797, https://leetcode.com/problems/single-row-keyboard,
1167,Minimum Cost to Connect Sticks,62.80%,Medium,0.039375165, https://leetcode.com/problems/minimum-cost-to-connect-sticks,
1168,Optimize Water Distribution in a Village,60.90%,Hard,3.102342009, https://leetcode.com/problems/optimize-water-distribution-in-a-village,
1170,Compare Strings by Frequency of the Smallest Character,58.70%,Easy,2.3806212, https://leetcode.com/problems/compare-strings-by-frequency-of-the-smallest-character,
1179,Reformat Department Table,80.60%,Easy,0.030653741, https://leetcode.com/problems/reformat-department-table,
1182,Shortest Distance to Target Color,52.80%,Medium,0, https://leetcode.com/problems/shortest-distance-to-target-color,
1184,Distance Between Bus Stops,54.50%,Easy,0, https://leetcode.com/problems/distance-between-bus-stops,
1188,Design Bounded Blocking Queue,70.50%,Medium,0.382859723, https://leetcode.com/problems/design-bounded-blocking-queue,
1192,Critical Connections in a Network,48.60%,Hard,0.081691383, https://leetcode.com/problems/critical-connections-in-a-network,
1197,Minimum Knight Moves,36.10%,Medium,1.742196588, https://leetcode.com/problems/minimum-knight-moves,
1199,Minimum Time to Build Blocks,37.40%,Hard,0, https://leetcode.com/problems/minimum-time-to-build-blocks,
1203,Sort Items by Groups Respecting Dependencies,47.60%,Hard,0.271109517, https://leetcode.com/problems/sort-items-by-groups-respecting-dependencies,
1206,Design Skiplist,57.30%,Hard,0.279584862, https://leetcode.com/problems/design-skiplist,
1207,Unique Number of Occurrences,71.60%,Easy,0, https://leetcode.com/problems/unique-number-of-occurrences,
1209,Remove All Adjacent Duplicates in String II,56.90%,Medium,0.191974988, https://leetcode.com/problems/remove-all-adjacent-duplicates-in-string-ii,
1218,Longest Arithmetic Subsequence of Given Difference,44.60%,Medium,0.123444191, https://leetcode.com/problems/longest-arithmetic-subsequence-of-given-difference,
1219,Path with Maximum Gold,65.10%,Medium,0.819636522, https://leetcode.com/problems/path-with-maximum-gold,
1223,Dice Roll Simulation,45.60%,Medium,0.357749635, https://leetcode.com/problems/dice-roll-simulation,
1229,Meeting Scheduler,52.70%,Medium,0.295560175, https://leetcode.com/problems/meeting-scheduler,
1231,Divide Chocolate,52.40%,Hard,3.208270334, https://leetcode.com/problems/divide-chocolate,
1233,Remove Sub-Folders from the Filesystem,59.50%,Medium,0.057076831, https://leetcode.com/problems/remove-sub-folders-from-the-filesystem,
1235,Maximum Profit in Job Scheduling,44.00%,Hard,0.040573516, https://leetcode.com/problems/maximum-profit-in-job-scheduling,
1237,Find Positive Integer Solution for a Given Equation,69.70%,Easy,0.272399547, https://leetcode.com/problems/find-positive-integer-solution-for-a-given-equation,
1240,Tiling a Rectangle with the Fewest Squares,50.10%,Hard,1.864330162, https://leetcode.com/problems/tiling-a-rectangle-with-the-fewest-squares,
1244,Design A Leaderboard,60.70%,Medium,0.431754366, https://leetcode.com/problems/design-a-leaderboard,
1245,Tree Diameter,60.10%,Medium,0.083381609, https://leetcode.com/problems/tree-diameter,
1254,Number of Closed Islands,60.50%,Medium,0.203124684, https://leetcode.com/problems/number-of-closed-islands,
1261,Find Elements in a Contaminated Binary Tree,74.30%,Medium,0, https://leetcode.com/problems/find-elements-in-a-contaminated-binary-tree,
1265,Print Immutable Linked List in Reverse,94.60%,Medium,0.651075967, https://leetcode.com/problems/print-immutable-linked-list-in-reverse,
1267,Count Servers that Communicate,57.90%,Medium,0.049029427, https://leetcode.com/problems/count-servers-that-communicate,
1269,Number of Ways to Stay in the Same Place After Some Steps,43.20%,Hard,0, https://leetcode.com/problems/number-of-ways-to-stay-in-the-same-place-after-some-steps,
1270,All People Report to the Given Manager,87.10%,Medium,0, https://leetcode.com/problems/all-people-report-to-the-given-manager,
1272,Remove Interval,58.60%,Medium,0, https://leetcode.com/problems/remove-interval,
1277,Count Square Submatrices with All Ones,73.30%,Medium,0.786569729, https://leetcode.com/problems/count-square-submatrices-with-all-ones,
1281,Subtract the Product and Sum of Digits of an Integer,85.20%,Easy,0.010908207, https://leetcode.com/problems/subtract-the-product-and-sum-of-digits-of-an-integer,
1284,Minimum Number of Flips to Convert Binary Matrix to Zero Matrix,69.50%,Hard,1.076872302, https://leetcode.com/problems/minimum-number-of-flips-to-convert-binary-matrix-to-zero-matrix,
1286,Iterator for Combination,68.20%,Medium,0.195000015, https://leetcode.com/problems/iterator-for-combination,
1287,Element Appearing More Than 25% In Sorted Array,60.20%,Easy,0, https://leetcode.com/problems/element-appearing-more-than-25-in-sorted-array,
1289,Minimum Falling Path Sum II,60.90%,Hard,0, https://leetcode.com/problems/minimum-falling-path-sum-ii,
1292,Maximum Side Length of a Square with Sum Less than or Equal to Threshold,48.60%,Medium,0.955511445, https://leetcode.com/problems/maximum-side-length-of-a-square-with-sum-less-than-or-equal-to-threshold,
1293,Shortest Path in a Grid with Obstacles Elimination,42.80%,Hard,1.308574103, https://leetcode.com/problems/shortest-path-in-a-grid-with-obstacles-elimination,
1296,Divide Array in Sets of K Consecutive Numbers,53.80%,Medium,0.790736997, https://leetcode.com/problems/divide-array-in-sets-of-k-consecutive-numbers,
1300,Sum of Mutated Array Closest to Target,44.20%,Medium,0.070081208, https://leetcode.com/problems/sum-of-mutated-array-closest-to-target,
1302,Deepest Leaves Sum,83.60%,Medium,0, https://leetcode.com/problems/deepest-leaves-sum,
1312,Minimum Insertion Steps to Make a String Palindrome,58.10%,Hard,0.601438754, https://leetcode.com/problems/minimum-insertion-steps-to-make-a-string-palindrome,
1313,Decompress Run-Length Encoded List,85.10%,Easy,0.012088391, https://leetcode.com/problems/decompress-run-length-encoded-list,
1314,Matrix Block Sum,73.70%,Medium,0, https://leetcode.com/problems/matrix-block-sum,
1316,Distinct Echo Substrings,46.40%,Hard,0, https://leetcode.com/problems/distinct-echo-substrings,
1320,Minimum Distance to Type a Word Using Two Fingers,62.30%,Hard,1.072241592, https://leetcode.com/problems/minimum-distance-to-type-a-word-using-two-fingers,
1325,Delete Leaves With a Given Value,73.00%,Medium,0.076633226, https://leetcode.com/problems/delete-leaves-with-a-given-value,
1326,Minimum Number of Taps to Open to Water a Garden,43.60%,Hard,0.685082621, https://leetcode.com/problems/minimum-number-of-taps-to-open-to-water-a-garden,
1331,Rank Transform of an Array,58.00%,Easy,0, https://leetcode.com/problems/rank-transform-of-an-array,
1342,Number of Steps to Reduce a Number to Zero,86.30%,Easy,0.027616529, https://leetcode.com/problems/number-of-steps-to-reduce-a-number-to-zero,
1345,Jump Game IV,38.00%,Hard,0.3631339, https://leetcode.com/problems/jump-game-iv,
1346,Check If N and Its Double Exist,37.90%,Easy,0, https://leetcode.com/problems/check-if-n-and-its-double-exist,
1352,Product of the Last K Numbers,43.60%,Medium,0.906210599, https://leetcode.com/problems/product-of-the-last-k-numbers,
1365,How Many Numbers Are Smaller Than the Current Number,85.60%,Easy,0.015926721, https://leetcode.com/problems/how-many-numbers-are-smaller-than-the-current-number,
1366,Rank Teams by Votes,53.80%,Medium,0.155754529, https://leetcode.com/problems/rank-teams-by-votes,
1368,Minimum Cost to Make at Least One Valid Path in a Grid,54.30%,Hard,0.674253231, https://leetcode.com/problems/minimum-cost-to-make-at-least-one-valid-path-in-a-grid,
1376,Time Needed to Inform All Employees,55.40%,Medium,1.423063209, https://leetcode.com/problems/time-needed-to-inform-all-employees,
1377,Frog Position After T Seconds,33.60%,Hard,0, https://leetcode.com/problems/frog-position-after-t-seconds,
1387,Sort Integers by The Power Value,70.20%,Medium,0, https://leetcode.com/problems/sort-integers-by-the-power-value,
1388,Pizza With 3n Slices,44.70%,Hard,0, https://leetcode.com/problems/pizza-with-3n-slices,
1392,Longest Happy Prefix,40.10%,Hard,0, https://leetcode.com/problems/longest-happy-prefix,
1401,Circle and Rectangle Overlapping,41.80%,Medium,0, https://leetcode.com/problems/circle-and-rectangle-overlapping,
1406,Stone Game III,56.10%,Hard,1.06673708, https://leetcode.com/problems/stone-game-iii,
1414,Find the Minimum Number of Fibonacci Numbers Whose Sum Is K,63.20%,Medium,0, https://leetcode.com/problems/find-the-minimum-number-of-fibonacci-numbers-whose-sum-is-k,
1422,Maximum Score After Splitting a String,54.70%,Easy,0, https://leetcode.com/problems/maximum-score-after-splitting-a-string,
713,Subarray Product Less Than K,39.10%,Medium,0.145435832, https://leetcode.com/problems/subarray-product-less-than-k,Sliding Window
1424,Diagonal Traverse II,42.40%,Medium,0.051227589, https://leetcode.com/problems/diagonal-traverse-ii,
487,Max Consecutive Ones II,48.50%,Medium,0.114775515, https://leetcode.com/problems/max-consecutive-ones-ii,Sliding Window
1441,Build an Array With Stack Operations,68.70%,Easy,0, https://leetcode.com/problems/build-an-array-with-stack-operations,
1444,Number of Ways of Cutting a Pizza,52.80%,Hard,0.722513075, https://leetcode.com/problems/number-of-ways-of-cutting-a-pizza,
1447,Simplified Fractions,61.00%,Medium,0.109099913, https://leetcode.com/problems/simplified-fractions,
1449,Form Largest Integer With Digits That Add up to Target,41.80%,Hard,0, https://leetcode.com/problems/form-largest-integer-with-digits-that-add-up-to-target,
1452,People Whose List of Favorite Companies Is Not a Subset of Another List,53.30%,Medium,0, https://leetcode.com/problems/people-whose-list-of-favorite-companies-is-not-a-subset-of-another-list,
1461,Check If a String Contains All Binary Codes of Size K,44.60%,Medium,0, https://leetcode.com/problems/check-if-a-string-contains-all-binary-codes-of-size-k,
1463,Cherry Pickup II,65.70%,Hard,0.367451481, https://leetcode.com/problems/cherry-pickup-ii,
1466,Reorder Routes to Make All Paths Lead to the City Zero,63.50%,Medium,0.184003643, https://leetcode.com/problems/reorder-routes-to-make-all-paths-lead-to-the-city-zero,
1471,The k Strongest Values in an Array,57.00%,Medium,0, https://leetcode.com/problems/the-k-strongest-values-in-an-array,
643,Maximum Average Subarray I,41.50%,Easy,0.036836577, https://leetcode.com/problems/maximum-average-subarray-i,Sliding Window
1480,Running Sum of 1d Array,90.50%,Easy,0.010437827, https://leetcode.com/problems/running-sum-of-1d-array,
1482,Minimum Number of Days to Make m Bouquets,45.80%,Medium,0, https://leetcode.com/problems/minimum-number-of-days-to-make-m-bouquets,
1483,Kth Ancestor of a Tree Node,27.60%,Hard,0.145889273, https://leetcode.com/problems/kth-ancestor-of-a-tree-node,
1488,Avoid Flood in The City,25.30%,Medium,0, https://leetcode.com/problems/avoid-flood-in-the-city,
1494,Parallel Courses II,32.00%,Hard,0, https://leetcode.com/problems/parallel-courses-ii,
1498,Number of Subsequences That Satisfy the Given Sum Condition,36.70%,Medium,0, https://leetcode.com/problems/number-of-subsequences-that-satisfy-the-given-sum-condition,
1499,Max Value of Equation,44.40%,Hard,0, https://leetcode.com/problems/max-value-of-equation,Sliding Window
1503,Last Moment Before All Ants Fall Out of a Plank,51.50%,Medium,0, https://leetcode.com/problems/last-moment-before-all-ants-fall-out-of-a-plank,
1504,Count Submatrices With All Ones,61.70%,Medium,0.412622196, https://leetcode.com/problems/count-submatrices-with-all-ones,
1506,Find Root of N-Ary Tree,80.00%,Medium,0, https://leetcode.com/problems/find-root-of-n-ary-tree,
1508,Range Sum of Sorted Subarray Sums,68.30%,Medium,0, https://leetcode.com/problems/range-sum-of-sorted-subarray-sums,
1509,Minimum Difference Between Largest and Smallest Value in Three Moves,51.00%,Medium,0, https://leetcode.com/problems/minimum-difference-between-largest-and-smallest-value-in-three-moves,
1513,Number of Substrings With Only 1s,40.30%,Medium,0, https://leetcode.com/problems/number-of-substrings-with-only-1s,
1514,Path with Maximum Probability,36.50%,Medium,0, https://leetcode.com/problems/path-with-maximum-probability,
1516,Move Sub-Tree of N-Ary Tree,60.10%,Hard,0, https://leetcode.com/problems/move-sub-tree-of-n-ary-tree,
1525,Number of Good Ways to Split a String,69.80%,Medium,0, https://leetcode.com/problems/number-of-good-ways-to-split-a-string,
1526,Minimum Number of Increments on Subarrays to Form a Target Array,57.70%,Hard,0, https://leetcode.com/problems/minimum-number-of-increments-on-subarrays-to-form-a-target-array,
1530,Number of Good Leaf Nodes Pairs,53.60%,Medium,0.005780363, https://leetcode.com/problems/number-of-good-leaf-nodes-pairs,
1538,Guess the Majority in a Hidden Array,63.20%,Medium,0, https://leetcode.com/problems/guess-the-majority-in-a-hidden-array,
1544,Make The String Great,54.40%,Easy,0, https://leetcode.com/problems/make-the-string-great,
1546,Maximum Number of Non-Overlapping Subarrays With Sum Equals Target,40.60%,Medium,0, https://leetcode.com/problems/maximum-number-of-non-overlapping-subarrays-with-sum-equals-target,
1547,Minimum Cost to Cut a Stick,47.20%,Hard,1.209837924, https://leetcode.com/problems/minimum-cost-to-cut-a-stick,
